0.01,0.1,NR,31.8596
0.01,0.11012,NR,68.227
0.01,0.12024,NR,3653.3917
0.01,0.13036,NR,3649.3661
0.01,0.14048,NR,3644.0174
0.01,0.1506,NR,3638.2166
0.01,0.16071,NR,3632.1739
0.01,0.17083,NR,3625.9493
0.01,0.18095,NR,3619.6016
0.01,0.19107,NR,3613.1496
0.01,0.20119,NR,3606.6016
0.01,0.21131,NR,3599.9708
0.01,0.22143,NR,3593.2606
0.01,0.23155,NR,3586.4666
0.01,0.24167,NR,3579.605
0.01,0.25179,NR,3572.6731
0.01,0.2619,NR,3565.6725
0.01,0.27202,NR,3558.6058
0.01,0.28214,NR,3551.4749
0.01,0.29226,NR,3544.2646
0.01,0.30238,NR,3536.991
0.01,0.3125,NR,3529.6531
0.01,0.32262,NR,3522.2513
0.01,0.33274,NR,3514.7784
0.01,0.34286,NR,3507.2351
0.01,0.35298,NR,3499.6261
0.01,0.3631,NR,3491.9519
0.01,0.37321,NR,3484.2125
0.01,0.38333,NR,3476.3929
0.01,0.39345,NR,3468.5066
0.01,0.40357,NR,3460.5516
0.01,0.41369,NR,3452.5268
0.01,0.42381,NR,3444.4303
0.01,0.43393,NR,3436.2627
0.01,0.44405,NR,3428.016
0.01,0.45417,NR,3419.6938
0.01,0.46429,NR,3411.2965
0.01,0.4744,NR,3402.8221
0.01,0.48452,NR,3394.2699
0.01,0.49464,NR,3385.6292
0.01,0.50476,NR,3376.9056
0.01,0.51488,NR,3368.0967
0.01,0.525,NR,3359.1998
0.01,0.53512,NR,3350.2136
0.01,0.54524,NR,3341.1344
0.01,0.55536,NR,3331.9551
0.01,0.56548,NR,3322.6745
0.01,0.5756,NR,3313.2945
0.01,0.58571,NR,3303.812
0.01,0.59583,NR,3294.2229
0.01,0.60595,NR,3284.526
0.01,0.61607,NR,3274.7198
0.01,0.62619,NR,3264.7975
0.01,0.63631,NR,3254.7627
0.01,0.64643,NR,3244.6138
0.01,0.65655,NR,3234.3489
0.01,0.66667,NR,3223.9665
0.01,0.67679,NR,3213.4651
0.01,0.6869,NR,3202.8431
0.01,0.69702,NR,3192.0989
0.01,0.70714,NR,3181.2306
0.01,0.71726,NR,3170.2315
0.01,0.72738,NR,3159.1071
0.01,0.7375,NR,3147.8525
0.01,0.74762,NR,3136.4654
0.01,0.75774,NR,3124.9435
0.01,0.76786,NR,3113.2841
0.01,0.77798,NR,3101.4844
0.01,0.7881,NR,3089.5412
0.01,0.79821,NR,3077.4512
0.01,0.80833,NR,3065.2107
0.01,0.81845,NR,3052.8155
0.01,0.82857,NR,3040.261
0.01,0.83869,NR,3027.5419
0.01,0.84881,NR,3014.6523
0.01,0.85893,NR,3001.5851
0.01,0.86905,NR,2988.3319
0.01,0.87917,NR,2974.8825
0.01,0.88929,NR,2961.2241
0.01,0.8994,NR,2947.3403
0.01,0.90952,NR,2933.2052
0.01,0.91964,NR,2918.7944
0.01,0.92976,NR,2904.0615
0.01,0.93988,NR,2888.9376
0.01,0.95,NR,2873.3076
0.02,0.1,NR,11.3757
0.02,0.11012,NR,11.9641
0.02,0.12024,NR,12.9194
0.02,0.13036,NR,14.5572
0.02,0.14048,NR,16.8143
0.02,0.1506,NR,17.9436
0.02,0.16071,NR,18.9572
0.02,0.17083,NR,20.2159
0.02,0.18095,NR,21.9986
0.02,0.19107,NR,24.8116
0.02,0.20119,NR,30.0048
0.02,0.21131,NR,43.6694
0.02,0.22143,NR,3558.1988
0.02,0.23155,NR,3566.639
0.02,0.24167,NR,3563.0814
0.02,0.25179,NR,3557.8872
0.02,0.2619,NR,3551.9789
0.02,0.27202,NR,3545.6872
0.02,0.28214,NR,3539.1111
0.02,0.29226,NR,3532.3427
0.02,0.30238,NR,3525.415
0.02,0.3125,NR,3518.3507
0.02,0.32262,NR,3511.1693
0.02,0.33274,NR,3503.8825
0.02,0.34286,NR,3496.5019
0.02,0.35298,NR,3489.0127
0.02,0.3631,NR,3481.4416
0.02,0.37321,NR,3473.7898
0.02,0.38333,NR,3466.0475
0.02,0.39345,NR,3458.2324
0.02,0.40357,NR,3450.3281
0.02,0.41369,NR,3442.3559
0.02,0.42381,NR,3434.2932
0.02,0.43393,NR,3426.1686
0.02,0.44405,NR,3417.949
0.02,0.45417,NR,3409.6641
0.02,0.46429,NR,3401.2981
0.02,0.4744,NR,3392.8586
0.02,0.48452,NR,3384.3404
0.02,0.49464,NR,3375.7465
0.02,0.50476,NR,3367.0757
0.02,0.51488,NR,3358.3295
0.02,0.525,NR,3349.5022
0.02,0.53512,NR,3340.6059
0.02,0.54524,NR,3331.6221
0.02,0.55536,NR,3322.5636
0.02,0.56548,NR,3313.4294
0.02,0.5756,NR,3304.2182
0.02,0.58571,NR,3294.9261
0.02,0.59583,NR,3285.5528
0.02,0.60595,NR,3276.0952
0.02,0.61607,NR,3266.5551
0.02,0.62619,NR,3256.931
0.02,0.63631,NR,3247.224
0.02,0.64643,NR,3237.4177
0.02,0.65655,NR,3227.5199
0.02,0.66667,NR,3217.5153
0.02,0.67679,NR,3207.3994
0.02,0.6869,NR,3197.1662
0.02,0.69702,NR,3186.8033
0.02,0.70714,NR,3176.3038
0.02,0.71726,NR,3165.6675
0.02,0.72738,NR,3154.8748
0.02,0.7375,NR,3143.9326
0.02,0.74762,NR,3132.8265
0.02,0.75774,NR,3121.5619
0.02,0.76786,NR,3110.1315
0.02,0.77798,NR,3098.5348
0.02,0.7881,NR,3086.7782
0.02,0.79821,NR,3074.8415
0.02,0.80833,NR,3062.7403
0.02,0.81845,NR,3050.4689
0.02,0.82857,NR,3038.0215
0.02,0.83869,NR,3025.39
0.02,0.84881,NR,3012.576
0.02,0.85893,NR,2999.5721
0.02,0.86905,NR,2986.3703
0.02,0.87917,NR,2972.9605
0.02,0.88929,NR,2959.3297
0.02,0.8994,NR,2945.4605
0.02,0.90952,NR,2931.3298
0.02,0.91964,NR,2916.9047
0.02,0.92976,NR,2902.1369
0.02,0.93988,NR,2886.9508
0.02,0.95,NR,2871.2225
0.03,0.1,NR,9.9512
0.03,0.11012,NR,9.9581
0.03,0.12024,NR,9.9993
0.03,0.13036,NR,10.0824
0.03,0.14048,NR,10.2182
0.03,0.1506,NR,10.422
0.03,0.16071,NR,10.7165
0.03,0.17083,NR,11.1373
0.03,0.18095,NR,11.7434
0.03,0.19107,NR,12.6365
0.03,0.20119,NR,13.9454
0.03,0.21131,NR,15.0011
0.03,0.22143,NR,15.57
0.03,0.23155,NR,16.0625
0.03,0.24167,NR,16.5947
0.03,0.25179,NR,17.2335
0.03,0.2619,NR,18.0487
0.03,0.27202,NR,19.1402
0.03,0.28214,NR,20.68
0.03,0.29226,NR,23.0122
0.03,0.30238,NR,26.9826
0.03,0.3125,NR,35.5556
0.03,0.32262,NR,79.5013
0.03,0.33274,NR,3468.997
0.03,0.34286,NR,3469.8576
0.03,0.35298,NR,3466.1181
0.03,0.3631,NR,3460.7969
0.03,0.37321,NR,3454.6783
0.03,0.38333,NR,3448.0472
0.03,0.39345,NR,3441.0781
0.03,0.40357,NR,3433.8297
0.03,0.41369,NR,3426.3727
0.03,0.42381,NR,3418.7369
0.03,0.43393,NR,3410.9457
0.03,0.44405,NR,3403.018
0.03,0.45417,NR,3394.9559
0.03,0.46429,NR,3386.7767
0.03,0.4744,NR,3378.4968
0.03,0.48452,NR,3370.092
0.03,0.49464,NR,3361.5975
0.03,0.50476,NR,3352.9996
0.03,0.51488,NR,3344.3048
0.03,0.525,NR,3335.519
0.03,0.53512,NR,3326.6444
0.03,0.54524,NR,3317.668
0.03,0.55536,NR,3308.6058
0.03,0.56548,NR,3299.4579
0.03,0.5756,NR,3290.2262
0.03,0.58571,NR,3280.8955
0.03,0.59583,NR,3271.4844
0.03,0.60595,NR,3261.994
0.03,0.61607,NR,3252.4057
0.03,0.62619,NR,3242.7434
0.03,0.63631,NR,3232.9903
0.03,0.64643,NR,3223.163
0.03,0.65655,NR,3213.2452
0.03,0.66667,NR,3203.2487
0.03,0.67679,NR,3193.1742
0.03,0.6869,NR,3183.0208
0.03,0.69702,NR,3172.7892
0.03,0.70714,NR,3162.4795
0.03,0.71726,NR,3152.0951
0.03,0.72738,NR,3141.639
0.03,0.7375,NR,3131.0932
0.03,0.74762,NR,3120.4794
0.03,0.75774,NR,3109.7696
0.03,0.76786,NR,3098.9683
0.03,0.77798,NR,3088.0576
0.03,0.7881,NR,3077.0196
0.03,0.79821,NR,3065.8321
0.03,0.80833,NR,3054.4758
0.03,0.81845,NR,3042.9205
0.03,0.82857,NR,3031.1397
0.03,0.83869,NR,3019.1183
0.03,0.84881,NR,3006.8445
0.03,0.85893,NR,2994.3104
0.03,0.86905,NR,2981.5087
0.03,0.87917,NR,2968.4306
0.03,0.88929,NR,2955.0744
0.03,0.8994,NR,2941.4272
0.03,0.90952,NR,2927.463
0.03,0.91964,NR,2913.1581
0.03,0.92976,NR,2898.4556
0.03,0.93988,NR,2883.2751
0.03,0.95,NR,2867.4795
0.04,0.1,NR,9.5528
0.04,0.11012,NR,9.4786
0.04,0.12024,NR,9.4155
0.04,0.13036,NR,9.3649
0.04,0.14048,NR,9.3283
0.04,0.1506,NR,9.3079
0.04,0.16071,NR,9.306
0.04,0.17083,NR,9.3256
0.04,0.18095,NR,9.3707
0.04,0.19107,NR,9.4461
0.04,0.20119,NR,9.5587
0.04,0.21131,NR,9.7174
0.04,0.22143,NR,9.9353
0.04,0.23155,NR,10.2307
0.04,0.24167,NR,10.6318
0.04,0.25179,NR,11.1807
0.04,0.2619,NR,11.9327
0.04,0.27202,NR,12.7811
0.04,0.28214,NR,13.2679
0.04,0.29226,NR,13.5685
0.04,0.30238,NR,13.8218
0.04,0.3125,NR,14.077
0.04,0.32262,NR,14.3613
0.04,0.33274,NR,14.6976
0.04,0.34286,NR,15.1106
0.04,0.35298,NR,15.6319
0.04,0.3631,NR,16.3076
0.04,0.37321,NR,17.2104
0.04,0.38333,NR,18.4662
0.04,0.39345,NR,20.3203
0.04,0.40357,NR,23.3374
0.04,0.41369,NR,29.249
0.04,0.42381,NR,48.6488
0.04,0.43393,NR,3351.1499
0.04,0.44405,NR,3361.6398
0.04,0.45417,NR,3360.5297
0.04,0.46429,NR,3356.3449
0.04,0.4744,NR,3350.7089
0.04,0.48452,NR,3344.2202
0.04,0.49464,NR,3337.1488
0.04,0.50476,NR,3329.6656
0.04,0.51488,NR,3321.8434
0.04,0.525,NR,3313.7579
0.04,0.53512,NR,3305.4491
0.04,0.54524,NR,3296.9369
0.04,0.55536,NR,3288.2498
0.04,0.56548,NR,3279.41
0.04,0.5756,NR,3270.412
0.04,0.58571,NR,3261.2869
0.04,0.59583,NR,3252.0168
0.04,0.60595,NR,3242.6284
0.04,0.61607,NR,3233.1222
0.04,0.62619,NR,3223.4944
0.04,0.63631,NR,3213.7525
0.04,0.64643,NR,3203.9026
0.04,0.65655,NR,3193.946
0.04,0.66667,NR,3183.8833
0.04,0.67679,NR,3173.7111
0.04,0.6869,NR,3163.4409
0.04,0.69702,NR,3153.0763
0.04,0.70714,NR,3142.6019
0.04,0.71726,NR,3132.0409
0.04,0.72738,NR,3121.3793
0.04,0.7375,NR,3110.6329
0.04,0.74762,NR,3099.7943
0.04,0.75774,NR,3088.8674
0.04,0.76786,NR,3077.8598
0.04,0.77798,NR,3066.7728
0.04,0.7881,NR,3055.6121
0.04,0.79821,NR,3044.3817
0.04,0.80833,NR,3033.0812
0.04,0.81845,NR,3021.72
0.04,0.82857,NR,3010.3
0.04,0.83869,NR,2998.8261
0.04,0.84881,NR,2987.2881
0.04,0.85893,NR,2975.6742
0.04,0.86905,NR,2963.948
0.04,0.87917,NR,2952.0885
0.04,0.88929,NR,2940.0222
0.04,0.8994,NR,2927.6689
0.04,0.90952,NR,2914.9307
0.04,0.91964,NR,2901.7095
0.04,0.92976,NR,2887.9101
0.04,0.93988,NR,2873.402
0.04,0.95,NR,2858.0203
0.05,0.1,NR,9.3443
0.05,0.11012,NR,9.2464
0.05,0.12024,NR,9.1537
0.05,0.13036,NR,9.0666
0.05,0.14048,NR,8.9857
0.05,0.1506,NR,8.9116
0.05,0.16071,NR,8.8449
0.05,0.17083,NR,8.7863
0.05,0.18095,NR,8.7367
0.05,0.19107,NR,8.6971
0.05,0.20119,NR,8.6685
0.05,0.21131,NR,8.6524
0.05,0.22143,NR,8.6503
0.05,0.23155,NR,8.6644
0.05,0.24167,NR,8.6972
0.05,0.25179,NR,8.752
0.05,0.2619,NR,8.833
0.05,0.27202,NR,8.9458
0.05,0.28214,NR,9.0979
0.05,0.29226,NR,9.2995
0.05,0.30238,NR,9.5652
0.05,0.3125,NR,9.9146
0.05,0.32262,NR,10.3727
0.05,0.33274,NR,10.9355
0.05,0.34286,NR,11.3787
0.05,0.35298,NR,11.6115
0.05,0.3631,NR,11.7586
0.05,0.37321,NR,11.8747
0.05,0.38333,NR,11.9835
0.05,0.39345,NR,12.099
0.05,0.40357,NR,12.231
0.05,0.41369,NR,12.3891
0.05,0.42381,NR,12.5833
0.05,0.43393,NR,12.8258
0.05,0.44405,NR,13.1324
0.05,0.45417,NR,13.5256
0.05,0.46429,NR,14.0383
0.05,0.4744,NR,14.7229
0.05,0.48452,NR,15.6685
0.05,0.49464,NR,17.0437
0.05,0.50476,NR,19.2172
0.05,0.51488,NR,23.2192
0.05,0.525,NR,33.9026
0.05,0.53512,NR,3198.0952
0.05,0.54524,NR,3233.3858
0.05,0.55536,NR,3236.9629
0.05,0.56548,NR,3234.7809
0.05,0.5756,NR,3230.1128
0.05,0.58571,NR,3224.0262
0.05,0.59583,NR,3217.0271
0.05,0.60595,NR,3209.3764
0.05,0.61607,NR,3201.2313
0.05,0.62619,NR,3192.687
0.05,0.63631,NR,3183.8109
0.05,0.64643,NR,3174.6603
0.05,0.65655,NR,3165.2514
0.05,0.66667,NR,3155.6327
0.05,0.67679,NR,3145.7951
0.05,0.6869,NR,3135.7769
0.05,0.69702,NR,3125.5842
0.05,0.70714,NR,3115.2159
0.05,0.71726,NR,3104.6931
0.05,0.72738,NR,3094.0143
0.05,0.7375,NR,3083.1827
0.05,0.74762,NR,3072.2132
0.05,0.75774,NR,3061.0893
0.05,0.76786,NR,3049.8375
0.05,0.77798,NR,3038.4344
0.05,0.7881,NR,3026.9053
0.05,0.79821,NR,3015.2357
0.05,0.80833,NR,3003.4334
0.05,0.81845,NR,2991.5023
0.05,0.82857,NR,2979.441
0.05,0.83869,NR,2967.2399
0.05,0.84881,NR,2954.9117
0.05,0.85893,NR,2942.4537
0.05,0.86905,NR,2929.854
0.05,0.87917,NR,2917.1177
0.05,0.88929,NR,2904.2426
0.05,0.8994,NR,2891.1997
0.05,0.90952,NR,2877.9776
0.05,0.91964,NR,2864.5315
0.05,0.92976,NR,2850.7824
0.05,0.93988,NR,2836.5677
0.05,0.95,NR,2821.6112
0.06,0.1,NR,9.2033
0.06,0.11012,NR,9.0963
0.06,0.12024,NR,8.9922
0.06,0.13036,NR,8.8914
0.06,0.14048,NR,8.7939
0.06,0.1506,NR,8.7
0.06,0.16071,NR,8.6101
0.06,0.17083,NR,8.5243
0.06,0.18095,NR,8.443
0.06,0.19107,NR,8.3665
0.06,0.20119,NR,8.2952
0.06,0.21131,NR,8.2293
0.06,0.22143,NR,8.1693
0.06,0.23155,NR,8.1159
0.06,0.24167,NR,8.0694
0.06,0.25179,NR,8.0306
0.06,0.2619,NR,8.0003
0.06,0.27202,NR,7.9794
0.06,0.28214,NR,7.9691
0.06,0.29226,NR,7.9707
0.06,0.30238,NR,7.986
0.06,0.3125,NR,8.017
0.06,0.32262,NR,8.0664
0.06,0.33274,NR,8.1377
0.06,0.34286,NR,8.2353
0.06,0.35298,NR,8.365
0.06,0.3631,NR,8.5346
0.06,0.37321,NR,8.754
0.06,0.38333,NR,9.0351
0.06,0.39345,NR,9.3832
0.06,0.40357,NR,9.7282
0.06,0.41369,NR,9.9291
0.06,0.42381,NR,10.0262
0.06,0.43393,NR,10.0763
0.06,0.44405,NR,10.105
0.06,0.45417,NR,10.1247
0.06,0.46429,NR,10.143
0.06,0.4744,NR,10.1651
0.06,0.48452,NR,10.1955
0.06,0.49464,NR,10.2382
0.06,0.50476,NR,10.2975
0.06,0.51488,NR,10.3784
0.06,0.525,NR,10.4868
0.06,0.53512,NR,10.6304
0.06,0.54524,NR,10.8199
0.06,0.55536,NR,11.0697
0.06,0.56548,NR,11.4018
0.06,0.5756,NR,11.85
0.06,0.58571,NR,12.471
0.06,0.59583,NR,13.3683
0.06,0.60595,NR,14.7576
0.06,0.61607,NR,17.1926
0.06,0.62619,NR,22.8084
0.06,0.63631,NR,86.6521
0.06,0.64643,NR,3074.0175
0.06,0.65655,NR,3087.0018
0.06,0.66667,NR,3088.6106
0.06,0.67679,NR,3085.807
0.06,0.6869,NR,3080.6362
0.06,0.69702,NR,3073.9745
0.06,0.70714,NR,3066.2766
0.06,0.71726,NR,3057.8019
0.06,0.72738,NR,3048.7087
0.06,0.7375,NR,3039.1184
0.06,0.74762,NR,3029.0835
0.06,0.75774,NR,3018.6792
0.06,0.76786,NR,3007.9212
0.06,0.77798,NR,2996.8539
0.06,0.7881,NR,2985.4812
0.06,0.79821,NR,2973.8244
0.06,0.80833,NR,2961.8885
0.06,0.81845,NR,2949.6693
0.06,0.82857,NR,2937.1723
0.06,0.83869,NR,2924.3898
0.06,0.84881,NR,2911.2981
0.06,0.85893,NR,2897.8876
0.06,0.86905,NR,2884.1294
0.06,0.87917,NR,2869.9847
0.06,0.88929,NR,2855.3998
0.06,0.8994,NR,2840.3014
0.06,0.90952,NR,2824.579
0.06,0.91964,NR,2808.0934
0.06,0.92976,NR,2790.6336
0.06,0.93988,NR,2772.0033
0.06,0.95,NR,2752.5649
0.07,0.1,NR,9.0952
0.07,0.11012,NR,8.9843
0.07,0.12024,NR,8.8753
0.07,0.13036,NR,8.7683
0.07,0.14048,NR,8.6635
0.07,0.1506,NR,8.5609
0.07,0.16071,NR,8.4607
0.07,0.17083,NR,8.363
0.07,0.18095,NR,8.268
0.07,0.19107,NR,8.1758
0.07,0.20119,NR,8.0866
0.07,0.21131,NR,8.0004
0.07,0.22143,NR,7.9174
0.07,0.23155,NR,7.8379
0.07,0.24167,NR,7.7621
0.07,0.25179,NR,7.69
0.07,0.2619,NR,7.622
0.07,0.27202,NR,7.5583
0.07,0.28214,NR,7.4992
0.07,0.29226,NR,7.4451
0.07,0.30238,NR,7.3964
0.07,0.3125,NR,7.3535
0.07,0.32262,NR,7.3169
0.07,0.33274,NR,7.2873
0.07,0.34286,NR,7.2654
0.07,0.35298,NR,7.2522
0.07,0.3631,NR,7.2488
0.07,0.37321,NR,7.2565
0.07,0.38333,NR,7.2769
0.07,0.39345,NR,7.3122
0.07,0.40357,NR,7.365
0.07,0.41369,NR,7.4385
0.07,0.42381,NR,7.5369
0.07,0.43393,NR,7.6656
0.07,0.44405,NR,7.8302
0.07,0.45417,NR,8.0346
0.07,0.46429,NR,8.261
0.07,0.4744,NR,8.4256
0.07,0.48452,NR,8.495
0.07,0.49464,NR,8.5093
0.07,0.50476,NR,8.4948
0.07,0.51488,NR,8.4646
0.07,0.525,NR,8.4259
0.07,0.53512,NR,8.3829
0.07,0.54524,NR,8.3387
0.07,0.55536,NR,8.2955
0.07,0.56548,NR,8.2552
0.07,0.5756,NR,8.2197
0.07,0.58571,NR,8.1905
0.07,0.59583,NR,8.1697
0.07,0.60595,NR,8.1595
0.07,0.61607,NR,8.1623
0.07,0.62619,NR,8.1815
0.07,0.63631,NR,8.2212
0.07,0.64643,NR,8.2872
0.07,0.65655,NR,8.3874
0.07,0.66667,NR,8.5332
0.07,0.67679,NR,8.7424
0.07,0.6869,NR,9.0433
0.07,0.69702,NR,9.4862
0.07,0.70714,NR,10.1691
0.07,0.71726,NR,11.3208
0.07,0.72738,NR,13.663
0.07,0.7375,NR,22.3139
0.07,0.74762,NR,2850.2475
0.07,0.75774,NR,2889.4974
0.07,0.76786,NR,2899.6893
0.07,0.77798,NR,2900.8585
0.07,0.7881,NR,2897.5629
0.07,0.79821,NR,2891.5566
0.07,0.80833,NR,2883.686
0.07,0.81845,NR,2874.4131
0.07,0.82857,NR,2864.0074
0.07,0.83869,NR,2852.6287
0.07,0.84881,NR,2840.3674
0.07,0.85893,NR,2827.2663
0.07,0.86905,NR,2813.3301
0.07,0.87917,NR,2798.5316
0.07,0.88929,NR,2782.8129
0.07,0.8994,NR,2766.0763
0.07,0.90952,NR,2748.2444
0.07,0.91964,NR,2729.358
0.07,0.92976,NR,2710.3943
0.07,0.93988,NR,2699.1459
0.07,0.95,NR,2712.0318
0.08,0.1,NR,9.0065
0.08,0.11012,NR,8.8939
0.08,0.12024,NR,8.7826
0.08,0.13036,NR,8.6728
0.08,0.14048,NR,8.5644
0.08,0.1506,NR,8.4575
0.08,0.16071,NR,8.3523
0.08,0.17083,NR,8.2488
0.08,0.18095,NR,8.147
0.08,0.19107,NR,8.0471
0.08,0.20119,NR,7.9491
0.08,0.21131,NR,7.8531
0.08,0.22143,NR,7.7592
0.08,0.23155,NR,7.6674
0.08,0.24167,NR,7.5778
0.08,0.25179,NR,7.4905
0.08,0.2619,NR,7.4056
0.08,0.27202,NR,7.3232
0.08,0.28214,NR,7.2434
0.08,0.29226,NR,7.1663
0.08,0.30238,NR,7.092
0.08,0.3125,NR,7.0206
0.08,0.32262,NR,6.9524
0.08,0.33274,NR,6.8875
0.08,0.34286,NR,6.826
0.08,0.35298,NR,6.7683
0.08,0.3631,NR,6.7146
0.08,0.37321,NR,6.6651
0.08,0.38333,NR,6.6202
0.08,0.39345,NR,6.5804
0.08,0.40357,NR,6.5462
0.08,0.41369,NR,6.518
0.08,0.42381,NR,6.4966
0.08,0.43393,NR,6.4828
0.08,0.44405,NR,6.4776
0.08,0.45417,NR,6.4823
0.08,0.46429,NR,6.4983
0.08,0.4744,NR,6.5275
0.08,0.48452,NR,6.5721
0.08,0.49464,NR,6.6347
0.08,0.50476,NR,6.7184
0.08,0.51488,NR,6.8251
0.08,0.525,NR,6.9505
0.08,0.53512,NR,7.0611
0.08,0.54524,NR,7.1088
0.08,0.55536,NR,7.1011
0.08,0.56548,NR,7.0611
0.08,0.5756,NR,7.0022
0.08,0.58571,NR,6.9314
0.08,0.59583,NR,6.8531
0.08,0.60595,NR,6.7698
0.08,0.61607,NR,6.6832
0.08,0.62619,NR,6.5948
0.08,0.63631,NR,6.5053
0.08,0.64643,NR,6.4156
0.08,0.65655,NR,6.3264
0.08,0.66667,NR,6.2382
0.08,0.67679,NR,6.1517
0.08,0.6869,NR,6.0673
0.08,0.69702,NR,5.9859
0.08,0.70714,NR,5.908
0.08,0.71726,NR,5.8345
0.08,0.72738,NR,5.7666
0.08,0.7375,NR,5.7054
0.08,0.74762,NR,5.6529
0.08,0.75774,NR,5.6113
0.08,0.76786,NR,5.5842
0.08,0.77798,NR,5.5766
0.08,0.7881,NR,5.5964
0.08,0.79821,NR,5.6565
0.08,0.80833,NR,5.7805
0.08,0.81845,NR,6.0164
0.08,0.82857,NR,6.4855
0.08,0.83869,NR,7.6481
0.08,0.84881,NR,2392.4611
0.08,0.85893,NR,2570.9278
0.08,0.86905,NR,2607.6427
0.08,0.87917,NR,2619.113
0.08,0.88929,NR,2620.511
0.08,0.8994,NR,2618.3332
0.08,0.90952,NR,2620.4318
0.08,0.91964,NR,2634.5843
0.08,0.92976,NR,2654.556
0.08,0.93988,NR,2674.5721
0.08,0.95,NR,2693.6707
0.09,0.1,NR,8.9309
0.09,0.11012,NR,8.8176
0.09,0.12024,NR,8.7053
0.09,0.13036,NR,8.594
0.09,0.14048,NR,8.4839
0.09,0.1506,NR,8.3748
0.09,0.16071,NR,8.267
0.09,0.17083,NR,8.1604
0.09,0.18095,NR,8.055
0.09,0.19107,NR,7.951
0.09,0.20119,NR,7.8484
0.09,0.21131,NR,7.7472
0.09,0.22143,NR,7.6474
0.09,0.23155,NR,7.5491
0.09,0.24167,NR,7.4523
0.09,0.25179,NR,7.3571
0.09,0.2619,NR,7.2635
0.09,0.27202,NR,7.1715
0.09,0.28214,NR,7.0812
0.09,0.29226,NR,6.9927
0.09,0.30238,NR,6.9059
0.09,0.3125,NR,6.8209
0.09,0.32262,NR,6.7378
0.09,0.33274,NR,6.6566
0.09,0.34286,NR,6.5774
0.09,0.35298,NR,6.5003
0.09,0.3631,NR,6.4253
0.09,0.37321,NR,6.3526
0.09,0.38333,NR,6.2821
0.09,0.39345,NR,6.2141
0.09,0.40357,NR,6.1486
0.09,0.41369,NR,6.0858
0.09,0.42381,NR,6.0259
0.09,0.43393,NR,5.969
0.09,0.44405,NR,5.9153
0.09,0.45417,NR,5.8651
0.09,0.46429,NR,5.8187
0.09,0.4744,NR,5.7764
0.09,0.48452,NR,5.7387
0.09,0.49464,NR,5.7059
0.09,0.50476,NR,5.6787
0.09,0.51488,NR,5.6578
0.09,0.525,NR,5.6439
0.09,0.53512,NR,5.638
0.09,0.54524,NR,5.6413
0.09,0.55536,NR,5.655
0.09,0.56548,NR,5.6805
0.09,0.5756,NR,5.7189
0.09,0.58571,NR,5.7689
0.09,0.59583,NR,5.8195
0.09,0.60595,NR,5.8405
0.09,0.61607,NR,5.8167
0.09,0.62619,NR,5.7603
0.09,0.63631,NR,5.6836
0.09,0.64643,NR,5.5938
0.09,0.65655,NR,5.495
0.09,0.66667,NR,5.3898
0.09,0.67679,NR,5.2798
0.09,0.6869,NR,5.166
0.09,0.69702,NR,5.0492
0.09,0.70714,NR,4.93
0.09,0.71726,NR,4.8086
0.09,0.72738,NR,4.6854
0.09,0.7375,NR,4.5605
0.09,0.74762,NR,4.434
0.09,0.75774,NR,4.306
0.09,0.76786,NR,4.1765
0.09,0.77798,NR,4.0453
0.09,0.7881,NR,3.9125
0.09,0.79821,NR,3.7778
0.09,0.80833,NR,3.6411
0.09,0.81845,NR,3.5022
0.09,0.82857,NR,3.3606
0.09,0.83869,NR,3.216
0.09,0.84881,NR,3.0677
0.09,0.85893,NR,2.9152
0.09,0.86905,NR,2.7574
0.09,0.87917,NR,2.593
0.09,0.88929,NR,2.4205
0.09,0.8994,NR,2.2377
0.09,0.90952,NR,2.0417
0.09,0.91964,R,1.8292
0.09,0.92976,R,1.597
0.09,0.93988,R,1.3458
0.09,0.95,R,1.1149
0.1,0.1,NR,8.8646
0.1,0.11012,NR,8.7511
0.1,0.12024,NR,8.6385
0.1,0.13036,NR,8.5266
0.1,0.14048,NR,8.4156
0.1,0.1506,NR,8.3054
0.1,0.16071,NR,8.1962
0.1,0.17083,NR,8.088
0.1,0.18095,NR,7.9807
0.1,0.19107,NR,7.8744
0.1,0.20119,NR,7.7692
0.1,0.21131,NR,7.6651
0.1,0.22143,NR,7.562
0.1,0.23155,NR,7.46
0.1,0.24167,NR,7.3592
0.1,0.25179,NR,7.2595
0.1,0.2619,NR,7.161
0.1,0.27202,NR,7.0637
0.1,0.28214,NR,6.9676
0.1,0.29226,NR,6.8727
0.1,0.30238,NR,6.7791
0.1,0.3125,NR,6.6867
0.1,0.32262,NR,6.5956
0.1,0.33274,NR,6.5058
0.1,0.34286,NR,6.4174
0.1,0.35298,NR,6.3303
0.1,0.3631,NR,6.2445
0.1,0.37321,NR,6.1602
0.1,0.38333,NR,6.0772
0.1,0.39345,NR,5.9957
0.1,0.40357,NR,5.9157
0.1,0.41369,NR,5.8372
0.1,0.42381,NR,5.7603
0.1,0.43393,NR,5.6849
0.1,0.44405,NR,5.6112
0.1,0.45417,NR,5.5393
0.1,0.46429,NR,5.469
0.1,0.4744,NR,5.4007
0.1,0.48452,NR,5.3343
0.1,0.49464,NR,5.2699
0.1,0.50476,NR,5.2076
0.1,0.51488,NR,5.1477
0.1,0.525,NR,5.0901
0.1,0.53512,NR,5.0352
0.1,0.54524,NR,4.983
0.1,0.55536,NR,4.934
0.1,0.56548,NR,4.8883
0.1,0.5756,NR,4.8462
0.1,0.58571,NR,4.8083
0.1,0.59583,NR,4.7748
0.1,0.60595,NR,4.7464
0.1,0.61607,NR,4.7235
0.1,0.62619,NR,4.7068
0.1,0.63631,NR,4.6965
0.1,0.64643,NR,4.6923
0.1,0.65655,NR,4.6904
0.1,0.66667,NR,4.6781
0.1,0.67679,NR,4.6382
0.1,0.6869,NR,4.5699
0.1,0.69702,NR,4.4816
0.1,0.70714,NR,4.3799
0.1,0.71726,NR,4.2691
0.1,0.72738,NR,4.1514
0.1,0.7375,NR,4.0286
0.1,0.74762,NR,3.9016
0.1,0.75774,NR,3.771
0.1,0.76786,NR,3.6374
0.1,0.77798,NR,3.5011
0.1,0.7881,NR,3.3622
0.1,0.79821,NR,3.2209
0.1,0.80833,NR,3.0773
0.1,0.81845,NR,2.9313
0.1,0.82857,NR,2.7829
0.1,0.83869,NR,2.6321
0.1,0.84881,NR,2.4786
0.1,0.85893,NR,2.3225
0.1,0.86905,NR,2.1635
0.1,0.87917,NR,2.0013
0.1,0.88929,R,1.8359
0.1,0.8994,R,1.667
0.1,0.90952,R,1.4943
0.1,0.91964,R,1.3178
0.1,0.92976,R,1.1375
0.1,0.93988,R,0.95374
0.1,0.95,R,0.76764
0.11,0.1,NR,8.8055
0.11,0.11012,NR,8.6921
0.11,0.12024,NR,8.5794
0.11,0.13036,NR,8.4673
0.11,0.14048,NR,8.356
0.11,0.1506,NR,8.2453
0.11,0.16071,NR,8.1354
0.11,0.17083,NR,8.0263
0.11,0.18095,NR,7.918
0.11,0.19107,NR,7.8105
0.11,0.20119,NR,7.7038
0.11,0.21131,NR,7.598
0.11,0.22143,NR,7.493
0.11,0.23155,NR,7.3889
0.11,0.24167,NR,7.2857
0.11,0.25179,NR,7.1834
0.11,0.2619,NR,7.082
0.11,0.27202,NR,6.9815
0.11,0.28214,NR,6.882
0.11,0.29226,NR,6.7834
0.11,0.30238,NR,6.6858
0.11,0.3125,NR,6.5891
0.11,0.32262,NR,6.4934
0.11,0.33274,NR,6.3986
0.11,0.34286,NR,6.3048
0.11,0.35298,NR,6.212
0.11,0.3631,NR,6.1202
0.11,0.37321,NR,6.0294
0.11,0.38333,NR,5.9396
0.11,0.39345,NR,5.8508
0.11,0.40357,NR,5.763
0.11,0.41369,NR,5.6762
0.11,0.42381,NR,5.5904
0.11,0.43393,NR,5.5056
0.11,0.44405,NR,5.4219
0.11,0.45417,NR,5.3392
0.11,0.46429,NR,5.2576
0.11,0.4744,NR,5.177
0.11,0.48452,NR,5.0976
0.11,0.49464,NR,5.0191
0.11,0.50476,NR,4.9419
0.11,0.51488,NR,4.8657
0.11,0.525,NR,4.7907
0.11,0.53512,NR,4.7168
0.11,0.54524,NR,4.6442
0.11,0.55536,NR,4.5729
0.11,0.56548,NR,4.5028
0.11,0.5756,NR,4.4341
0.11,0.58571,NR,4.3667
0.11,0.59583,NR,4.3009
0.11,0.60595,NR,4.2366
0.11,0.61607,NR,4.1739
0.11,0.62619,NR,4.113
0.11,0.63631,NR,4.0539
0.11,0.64643,NR,3.9969
0.11,0.65655,NR,3.942
0.11,0.66667,NR,3.8894
0.11,0.67679,NR,3.8392
0.11,0.6869,NR,3.7917
0.11,0.69702,NR,3.7467
0.11,0.70714,NR,3.704
0.11,0.71726,NR,3.662
0.11,0.72738,NR,3.6164
0.11,0.7375,NR,3.5573
0.11,0.74762,NR,3.4781
0.11,0.75774,NR,3.3814
0.11,0.76786,NR,3.2723
0.11,0.77798,NR,3.1544
0.11,0.7881,NR,3.0301
0.11,0.79821,NR,2.901
0.11,0.80833,NR,2.7679
0.11,0.81845,NR,2.6315
0.11,0.82857,NR,2.4923
0.11,0.83869,NR,2.3506
0.11,0.84881,NR,2.2067
0.11,0.85893,NR,2.0607
0.11,0.86905,R,1.9127
0.11,0.87917,R,1.7629
0.11,0.88929,R,1.6113
0.11,0.8994,R,1.4581
0.11,0.90952,R,1.3033
0.11,0.91964,R,1.1471
0.11,0.92976,R,0.98965
0.11,0.93988,R,0.83138
0.11,0.95,R,0.67282
0.12,0.1,NR,8.752
0.12,0.11012,NR,8.6389
0.12,0.12024,NR,8.5263
0.12,0.13036,NR,8.4143
0.12,0.14048,NR,8.3029
0.12,0.1506,NR,8.1921
0.12,0.16071,NR,8.0819
0.12,0.17083,NR,7.9724
0.12,0.18095,NR,7.8635
0.12,0.19107,NR,7.7553
0.12,0.20119,NR,7.6478
0.12,0.21131,NR,7.541
0.12,0.22143,NR,7.435
0.12,0.23155,NR,7.3296
0.12,0.24167,NR,7.225
0.12,0.25179,NR,7.1211
0.12,0.2619,NR,7.018
0.12,0.27202,NR,6.9156
0.12,0.28214,NR,6.814
0.12,0.29226,NR,6.7131
0.12,0.30238,NR,6.6131
0.12,0.3125,NR,6.5137
0.12,0.32262,NR,6.4152
0.12,0.33274,NR,6.3174
0.12,0.34286,NR,6.2204
0.12,0.35298,NR,6.1242
0.12,0.3631,NR,6.0288
0.12,0.37321,NR,5.9341
0.12,0.38333,NR,5.8402
0.12,0.39345,NR,5.7471
0.12,0.40357,NR,5.6547
0.12,0.41369,NR,5.5631
0.12,0.42381,NR,5.4723
0.12,0.43393,NR,5.3822
0.12,0.44405,NR,5.2928
0.12,0.45417,NR,5.2042
0.12,0.46429,NR,5.1164
0.12,0.4744,NR,5.0292
0.12,0.48452,NR,4.9428
0.12,0.49464,NR,4.8572
0.12,0.50476,NR,4.7722
0.12,0.51488,NR,4.6879
0.12,0.525,NR,4.6044
0.12,0.53512,NR,4.5215
0.12,0.54524,NR,4.4393
0.12,0.55536,NR,4.3578
0.12,0.56548,NR,4.277
0.12,0.5756,NR,4.1969
0.12,0.58571,NR,4.1174
0.12,0.59583,NR,4.0386
0.12,0.60595,NR,3.9604
0.12,0.61607,NR,3.8829
0.12,0.62619,NR,3.806
0.12,0.63631,NR,3.7298
0.12,0.64643,NR,3.6542
0.12,0.65655,NR,3.5793
0.12,0.66667,NR,3.505
0.12,0.67679,NR,3.4313
0.12,0.6869,NR,3.3583
0.12,0.69702,NR,3.2858
0.12,0.70714,NR,3.214
0.12,0.71726,NR,3.1428
0.12,0.72738,NR,3.0722
0.12,0.7375,NR,3.002
0.12,0.74762,NR,2.9323
0.12,0.75774,NR,2.8628
0.12,0.76786,NR,2.7932
0.12,0.77798,NR,2.7228
0.12,0.7881,NR,2.6498
0.12,0.79821,NR,2.5705
0.12,0.80833,NR,2.4797
0.12,0.81845,NR,2.3761
0.12,0.82857,NR,2.2621
0.12,0.83869,NR,2.1406
0.12,0.84881,NR,2.0137
0.12,0.85893,R,1.8827
0.12,0.86905,R,1.7486
0.12,0.87917,R,1.6119
0.12,0.88929,R,1.4732
0.12,0.8994,R,1.3329
0.12,0.90952,R,1.1912
0.12,0.91964,R,1.0486
0.12,0.92976,R,0.90521
0.12,0.93988,R,0.76155
0.12,0.95,R,0.61804
0.13,0.1,NR,8.7032
0.13,0.11012,NR,8.5904
0.13,0.12024,NR,8.4781
0.13,0.13036,NR,8.3662
0.13,0.14048,NR,8.2549
0.13,0.1506,NR,8.1441
0.13,0.16071,NR,8.0339
0.13,0.17083,NR,7.9243
0.13,0.18095,NR,7.8152
0.13,0.19107,NR,7.7067
0.13,0.20119,NR,7.5988
0.13,0.21131,NR,7.4914
0.13,0.22143,NR,7.3847
0.13,0.23155,NR,7.2787
0.13,0.24167,NR,7.1732
0.13,0.25179,NR,7.0684
0.13,0.2619,NR,6.9642
0.13,0.27202,NR,6.8607
0.13,0.28214,NR,6.7578
0.13,0.29226,NR,6.6555
0.13,0.30238,NR,6.5539
0.13,0.3125,NR,6.453
0.13,0.32262,NR,6.3527
0.13,0.33274,NR,6.253
0.13,0.34286,NR,6.154
0.13,0.35298,NR,6.0557
0.13,0.3631,NR,5.958
0.13,0.37321,NR,5.8609
0.13,0.38333,NR,5.7644
0.13,0.39345,NR,5.6687
0.13,0.40357,NR,5.5735
0.13,0.41369,NR,5.4789
0.13,0.42381,NR,5.385
0.13,0.43393,NR,5.2917
0.13,0.44405,NR,5.199
0.13,0.45417,NR,5.1068
0.13,0.46429,NR,5.0153
0.13,0.4744,NR,4.9243
0.13,0.48452,NR,4.8339
0.13,0.49464,NR,4.744
0.13,0.50476,NR,4.6547
0.13,0.51488,NR,4.566
0.13,0.525,NR,4.4777
0.13,0.53512,NR,4.3899
0.13,0.54524,NR,4.3027
0.13,0.55536,NR,4.2159
0.13,0.56548,NR,4.1295
0.13,0.5756,NR,4.0437
0.13,0.58571,NR,3.9582
0.13,0.59583,NR,3.8731
0.13,0.60595,NR,3.7885
0.13,0.61607,NR,3.7042
0.13,0.62619,NR,3.6202
0.13,0.63631,NR,3.5366
0.13,0.64643,NR,3.4532
0.13,0.65655,NR,3.3701
0.13,0.66667,NR,3.2873
0.13,0.67679,NR,3.2047
0.13,0.6869,NR,3.1222
0.13,0.69702,NR,3.0399
0.13,0.70714,NR,2.9577
0.13,0.71726,NR,2.8755
0.13,0.72738,NR,2.7934
0.13,0.7375,NR,2.7111
0.13,0.74762,NR,2.6288
0.13,0.75774,NR,2.5463
0.13,0.76786,NR,2.4635
0.13,0.77798,NR,2.3803
0.13,0.7881,NR,2.2967
0.13,0.79821,NR,2.2124
0.13,0.80833,NR,2.1272
0.13,0.81845,NR,2.041
0.13,0.82857,R,1.9534
0.13,0.83869,R,1.864
0.13,0.84881,R,1.7719
0.13,0.85893,R,1.6759
0.13,0.86905,R,1.5737
0.13,0.87917,R,1.4639
0.13,0.88929,R,1.347
0.13,0.8994,R,1.2247
0.13,0.90952,R,1.0987
0.13,0.91964,R,0.97
0.13,0.92976,R,0.8396
0.13,0.93988,R,0.70819
0.13,0.95,R,0.57644
0.14,0.1,NR,8.6582
0.14,0.11012,NR,8.5457
0.14,0.12024,NR,8.4337
0.14,0.13036,NR,8.3222
0.14,0.14048,NR,8.2111
0.14,0.1506,NR,8.1005
0.14,0.16071,NR,7.9904
0.14,0.17083,NR,7.8807
0.14,0.18095,NR,7.7716
0.14,0.19107,NR,7.663
0.14,0.20119,NR,7.5549
0.14,0.21131,NR,7.4474
0.14,0.22143,NR,7.3403
0.14,0.23155,NR,7.2339
0.14,0.24167,NR,7.128
0.14,0.25179,NR,7.0226
0.14,0.2619,NR,6.9178
0.14,0.27202,NR,6.8135
0.14,0.28214,NR,6.7098
0.14,0.29226,NR,6.6067
0.14,0.30238,NR,6.5042
0.14,0.3125,NR,6.4022
0.14,0.32262,NR,6.3008
0.14,0.33274,NR,6.1999
0.14,0.34286,NR,6.0997
0.14,0.35298,NR,6
0.14,0.3631,NR,5.9008
0.14,0.37321,NR,5.8022
0.14,0.38333,NR,5.7042
0.14,0.39345,NR,5.6067
0.14,0.40357,NR,5.5097
0.14,0.41369,NR,5.4133
0.14,0.42381,NR,5.3174
0.14,0.43393,NR,5.2221
0.14,0.44405,NR,5.1272
0.14,0.45417,NR,5.0329
0.14,0.46429,NR,4.9391
0.14,0.4744,NR,4.8457
0.14,0.48452,NR,4.7529
0.14,0.49464,NR,4.6605
0.14,0.50476,NR,4.5685
0.14,0.51488,NR,4.4771
0.14,0.525,NR,4.386
0.14,0.53512,NR,4.2954
0.14,0.54524,NR,4.2052
0.14,0.55536,NR,4.1154
0.14,0.56548,NR,4.0259
0.14,0.5756,NR,3.9368
0.14,0.58571,NR,3.8481
0.14,0.59583,NR,3.7597
0.14,0.60595,NR,3.6716
0.14,0.61607,NR,3.5838
0.14,0.62619,NR,3.4962
0.14,0.63631,NR,3.4089
0.14,0.64643,NR,3.3218
0.14,0.65655,NR,3.2348
0.14,0.66667,NR,3.1481
0.14,0.67679,NR,3.0615
0.14,0.6869,NR,2.9749
0.14,0.69702,NR,2.8885
0.14,0.70714,NR,2.802
0.14,0.71726,NR,2.7156
0.14,0.72738,NR,2.6291
0.14,0.7375,NR,2.5425
0.14,0.74762,NR,2.4558
0.14,0.75774,NR,2.3688
0.14,0.76786,NR,2.2816
0.14,0.77798,NR,2.1941
0.14,0.7881,NR,2.1062
0.14,0.79821,NR,2.0178
0.14,0.80833,R,1.9288
0.14,0.81845,R,1.8392
0.14,0.82857,R,1.7488
0.14,0.83869,R,1.6575
0.14,0.84881,R,1.5652
0.14,0.85893,R,1.4716
0.14,0.86905,R,1.3767
0.14,0.87917,R,1.2801
0.14,0.88929,R,1.1817
0.14,0.8994,R,1.0811
0.14,0.90952,R,0.97798
0.14,0.91964,R,0.87191
0.14,0.92976,R,0.76242
0.14,0.93988,R,0.64924
0.14,0.95,R,0.53287
0.15,0.1,NR,8.6164
0.15,0.11012,NR,8.5044
0.15,0.12024,NR,8.3927
0.15,0.13036,NR,8.2815
0.15,0.14048,NR,8.1707
0.15,0.1506,NR,8.0603
0.15,0.16071,NR,7.9504
0.15,0.17083,NR,7.8409
0.15,0.18095,NR,7.7318
0.15,0.19107,NR,7.6233
0.15,0.20119,NR,7.5152
0.15,0.21131,NR,7.4075
0.15,0.22143,NR,7.3004
0.15,0.23155,NR,7.1938
0.15,0.24167,NR,7.0876
0.15,0.25179,NR,6.982
0.15,0.2619,NR,6.8768
0.15,0.27202,NR,6.7722
0.15,0.28214,NR,6.668
0.15,0.29226,NR,6.5644
0.15,0.30238,NR,6.4613
0.15,0.3125,NR,6.3587
0.15,0.32262,NR,6.2566
0.15,0.33274,NR,6.155
0.15,0.34286,NR,6.0539
0.15,0.35298,NR,5.9533
0.15,0.3631,NR,5.8532
0.15,0.37321,NR,5.7536
0.15,0.38333,NR,5.6545
0.15,0.39345,NR,5.556
0.15,0.40357,NR,5.4579
0.15,0.41369,NR,5.3602
0.15,0.42381,NR,5.2631
0.15,0.43393,NR,5.1664
0.15,0.44405,NR,5.0702
0.15,0.45417,NR,4.9745
0.15,0.46429,NR,4.8792
0.15,0.4744,NR,4.7844
0.15,0.48452,NR,4.69
0.15,0.49464,NR,4.596
0.15,0.50476,NR,4.5024
0.15,0.51488,NR,4.4092
0.15,0.525,NR,4.3165
0.15,0.53512,NR,4.2241
0.15,0.54524,NR,4.1321
0.15,0.55536,NR,4.0405
0.15,0.56548,NR,3.9492
0.15,0.5756,NR,3.8582
0.15,0.58571,NR,3.7675
0.15,0.59583,NR,3.6772
0.15,0.60595,NR,3.5871
0.15,0.61607,NR,3.4974
0.15,0.62619,NR,3.4078
0.15,0.63631,NR,3.3185
0.15,0.64643,NR,3.2294
0.15,0.65655,NR,3.1405
0.15,0.66667,NR,3.0517
0.15,0.67679,NR,2.9631
0.15,0.6869,NR,2.8747
0.15,0.69702,NR,2.7863
0.15,0.70714,NR,2.698
0.15,0.71726,NR,2.6097
0.15,0.72738,NR,2.5214
0.15,0.7375,NR,2.4331
0.15,0.74762,NR,2.3447
0.15,0.75774,NR,2.2562
0.15,0.76786,NR,2.1676
0.15,0.77798,NR,2.0788
0.15,0.7881,R,1.9898
0.15,0.79821,R,1.9005
0.15,0.80833,R,1.8108
0.15,0.81845,R,1.7208
0.15,0.82857,R,1.6303
0.15,0.83869,R,1.5393
0.15,0.84881,R,1.4478
0.15,0.85893,R,1.3555
0.15,0.86905,R,1.2626
0.15,0.87917,R,1.1688
0.15,0.88929,R,1.074
0.15,0.8994,R,0.97827
0.15,0.90952,R,0.8814
0.15,0.91964,R,0.78329
0.15,0.92976,R,0.68386
0.15,0.93988,R,0.58302
0.15,0.95,R,0.48074
0.16,0.1,NR,8.5775
0.16,0.11012,NR,8.4658
0.16,0.12024,NR,8.3545
0.16,0.13036,NR,8.2437
0.16,0.14048,NR,8.1332
0.16,0.1506,NR,8.0231
0.16,0.16071,NR,7.9133
0.16,0.17083,NR,7.8041
0.16,0.18095,NR,7.6952
0.16,0.19107,NR,7.5868
0.16,0.20119,NR,7.4788
0.16,0.21131,NR,7.3712
0.16,0.22143,NR,7.2641
0.16,0.23155,NR,7.1574
0.16,0.24167,NR,7.0512
0.16,0.25179,NR,6.9454
0.16,0.2619,NR,6.8401
0.16,0.27202,NR,6.7352
0.16,0.28214,NR,6.6309
0.16,0.29226,NR,6.5269
0.16,0.30238,NR,6.4235
0.16,0.3125,NR,6.3205
0.16,0.32262,NR,6.218
0.16,0.33274,NR,6.1159
0.16,0.34286,NR,6.0143
0.16,0.35298,NR,5.9132
0.16,0.3631,NR,5.8125
0.16,0.37321,NR,5.7123
0.16,0.38333,NR,5.6126
0.16,0.39345,NR,5.5133
0.16,0.40357,NR,5.4145
0.16,0.41369,NR,5.3161
0.16,0.42381,NR,5.2181
0.16,0.43393,NR,5.1206
0.16,0.44405,NR,5.0235
0.16,0.45417,NR,4.9269
0.16,0.46429,NR,4.8306
0.16,0.4744,NR,4.7348
0.16,0.48452,NR,4.6394
0.16,0.49464,NR,4.5444
0.16,0.50476,NR,4.4498
0.16,0.51488,NR,4.3556
0.16,0.525,NR,4.2617
0.16,0.53512,NR,4.1683
0.16,0.54524,NR,4.0751
0.16,0.55536,NR,3.9824
0.16,0.56548,NR,3.8899
0.16,0.5756,NR,3.7978
0.16,0.58571,NR,3.706
0.16,0.59583,NR,3.6145
0.16,0.60595,NR,3.5233
0.16,0.61607,NR,3.4324
0.16,0.62619,NR,3.3417
0.16,0.63631,NR,3.2513
0.16,0.64643,NR,3.1611
0.16,0.65655,NR,3.0711
0.16,0.66667,NR,2.9813
0.16,0.67679,NR,2.8917
0.16,0.6869,NR,2.8022
0.16,0.69702,NR,2.7129
0.16,0.70714,NR,2.6237
0.16,0.71726,NR,2.5346
0.16,0.72738,NR,2.4456
0.16,0.7375,NR,2.3566
0.16,0.74762,NR,2.2677
0.16,0.75774,NR,2.1788
0.16,0.76786,NR,2.0898
0.16,0.77798,NR,2.0008
0.16,0.7881,R,1.9117
0.16,0.79821,R,1.8225
0.16,0.80833,R,1.7331
0.16,0.81845,R,1.6436
0.16,0.82857,R,1.5539
0.16,0.83869,R,1.4639
0.16,0.84881,R,1.3736
0.16,0.85893,R,1.2829
0.16,0.86905,R,1.192
0.16,0.87917,R,1.1006
0.16,0.88929,R,1.0087
0.16,0.8994,R,0.91636
0.16,0.90952,R,0.82349
0.16,0.91964,R,0.73005
0.16,0.92976,R,0.63602
0.16,0.93988,R,0.54139
0.16,0.95,R,0.44617
0.17,0.1,NR,8.541
0.17,0.11012,NR,8.4297
0.17,0.12024,NR,8.3188
0.17,0.13036,NR,8.2083
0.17,0.14048,NR,8.0981
0.17,0.1506,NR,7.9883
0.17,0.16071,NR,7.8789
0.17,0.17083,NR,7.7698
0.17,0.18095,NR,7.6612
0.17,0.19107,NR,7.5529
0.17,0.20119,NR,7.4451
0.17,0.21131,NR,7.3377
0.17,0.22143,NR,7.2306
0.17,0.23155,NR,7.124
0.17,0.24167,NR,7.0178
0.17,0.25179,NR,6.9121
0.17,0.2619,NR,6.8067
0.17,0.27202,NR,6.7018
0.17,0.28214,NR,6.5973
0.17,0.29226,NR,6.4933
0.17,0.30238,NR,6.3897
0.17,0.3125,NR,6.2865
0.17,0.32262,NR,6.1837
0.17,0.33274,NR,6.0814
0.17,0.34286,NR,5.9795
0.17,0.35298,NR,5.8781
0.17,0.3631,NR,5.7771
0.17,0.37321,NR,5.6765
0.17,0.38333,NR,5.5763
0.17,0.39345,NR,5.4766
0.17,0.40357,NR,5.3773
0.17,0.41369,NR,5.2784
0.17,0.42381,NR,5.1799
0.17,0.43393,NR,5.0819
0.17,0.44405,NR,4.9842
0.17,0.45417,NR,4.887
0.17,0.46429,NR,4.7902
0.17,0.4744,NR,4.6937
0.17,0.48452,NR,4.5977
0.17,0.49464,NR,4.502
0.17,0.50476,NR,4.4068
0.17,0.51488,NR,4.3119
0.17,0.525,NR,4.2173
0.17,0.53512,NR,4.1231
0.17,0.54524,NR,4.0293
0.17,0.55536,NR,3.9358
0.17,0.56548,NR,3.8427
0.17,0.5756,NR,3.7499
0.17,0.58571,NR,3.6574
0.17,0.59583,NR,3.5652
0.17,0.60595,NR,3.4733
0.17,0.61607,NR,3.3817
0.17,0.62619,NR,3.2903
0.17,0.63631,NR,3.1993
0.17,0.64643,NR,3.1085
0.17,0.65655,NR,3.0179
0.17,0.66667,NR,2.9275
0.17,0.67679,NR,2.8374
0.17,0.6869,NR,2.7475
0.17,0.69702,NR,2.6577
0.17,0.70714,NR,2.5682
0.17,0.71726,NR,2.4788
0.17,0.72738,NR,2.3895
0.17,0.7375,NR,2.3003
0.17,0.74762,NR,2.2113
0.17,0.75774,NR,2.1223
0.17,0.76786,NR,2.0335
0.17,0.77798,R,1.9446
0.17,0.7881,R,1.8558
0.17,0.79821,R,1.767
0.17,0.80833,R,1.6783
0.17,0.81845,R,1.5894
0.17,0.82857,R,1.5006
0.17,0.83869,R,1.4116
0.17,0.84881,R,1.3226
0.17,0.85893,R,1.2335
0.17,0.86905,R,1.1442
0.17,0.87917,R,1.0548
0.17,0.88929,R,0.96521
0.17,0.8994,R,0.87545
0.17,0.90952,R,0.78549
0.17,0.91964,R,0.69534
0.17,0.92976,R,0.605
0.17,0.93988,R,0.51447
0.17,0.95,R,0.42379
0.18,0.1,NR,8.5066
0.18,0.11012,NR,8.3958
0.18,0.12024,NR,8.2852
0.18,0.13036,NR,8.1751
0.18,0.14048,NR,8.0652
0.18,0.1506,NR,7.9557
0.18,0.16071,NR,7.8466
0.18,0.17083,NR,7.7378
0.18,0.18095,NR,7.6294
0.18,0.19107,NR,7.5214
0.18,0.20119,NR,7.4138
0.18,0.21131,NR,7.3065
0.18,0.22143,NR,7.1996
0.18,0.23155,NR,7.0932
0.18,0.24167,NR,6.9871
0.18,0.25179,NR,6.8814
0.18,0.2619,NR,6.7761
0.18,0.27202,NR,6.6712
0.18,0.28214,NR,6.5667
0.18,0.29226,NR,6.4627
0.18,0.30238,NR,6.359
0.18,0.3125,NR,6.2557
0.18,0.32262,NR,6.1529
0.18,0.33274,NR,6.0505
0.18,0.34286,NR,5.9484
0.18,0.35298,NR,5.8468
0.18,0.3631,NR,5.7456
0.18,0.37321,NR,5.6448
0.18,0.38333,NR,5.5444
0.18,0.39345,NR,5.4444
0.18,0.40357,NR,5.3448
0.18,0.41369,NR,5.2456
0.18,0.42381,NR,5.1469
0.18,0.43393,NR,5.0485
0.18,0.44405,NR,4.9505
0.18,0.45417,NR,4.8529
0.18,0.46429,NR,4.7557
0.18,0.4744,NR,4.6589
0.18,0.48452,NR,4.5624
0.18,0.49464,NR,4.4664
0.18,0.50476,NR,4.3706
0.18,0.51488,NR,4.2753
0.18,0.525,NR,4.1804
0.18,0.53512,NR,4.0858
0.18,0.54524,NR,3.9915
0.18,0.55536,NR,3.8976
0.18,0.56548,NR,3.804
0.18,0.5756,NR,3.7107
0.18,0.58571,NR,3.6178
0.18,0.59583,NR,3.5252
0.18,0.60595,NR,3.4329
0.18,0.61607,NR,3.3409
0.18,0.62619,NR,3.2492
0.18,0.63631,NR,3.1578
0.18,0.64643,NR,3.0667
0.18,0.65655,NR,2.9758
0.18,0.66667,NR,2.8852
0.18,0.67679,NR,2.7948
0.18,0.6869,NR,2.7047
0.18,0.69702,NR,2.6148
0.18,0.70714,NR,2.5251
0.18,0.71726,NR,2.4356
0.18,0.72738,NR,2.3463
0.18,0.7375,NR,2.2572
0.18,0.74762,NR,2.1683
0.18,0.75774,NR,2.0795
0.18,0.76786,R,1.9909
0.18,0.77798,R,1.9024
0.18,0.7881,R,1.814
0.18,0.79821,R,1.7257
0.18,0.80833,R,1.6375
0.18,0.81845,R,1.5494
0.18,0.82857,R,1.4614
0.18,0.83869,R,1.3735
0.18,0.84881,R,1.2856
0.18,0.85893,R,1.1977
0.18,0.86905,R,1.1099
0.18,0.87917,R,1.022
0.18,0.88929,R,0.93426
0.18,0.8994,R,0.84649
0.18,0.90952,R,0.75874
0.18,0.91964,R,0.67102
0.18,0.92976,R,0.58335
0.18,0.93988,R,0.49574
0.18,0.95,R,0.40824
0.19,0.1,NR,8.4742
0.19,0.11012,NR,8.3637
0.19,0.12024,NR,8.2536
0.19,0.13036,NR,8.1437
0.19,0.14048,NR,8.0342
0.19,0.1506,NR,7.925
0.19,0.16071,NR,7.8162
0.19,0.17083,NR,7.7077
0.19,0.18095,NR,7.5996
0.19,0.19107,NR,7.4918
0.19,0.20119,NR,7.3844
0.19,0.21131,NR,7.2774
0.19,0.22143,NR,7.1707
0.19,0.23155,NR,7.0644
0.19,0.24167,NR,6.9585
0.19,0.25179,NR,6.8529
0.19,0.2619,NR,6.7477
0.19,0.27202,NR,6.643
0.19,0.28214,NR,6.5385
0.19,0.29226,NR,6.4345
0.19,0.30238,NR,6.3309
0.19,0.3125,NR,6.2276
0.19,0.32262,NR,6.1248
0.19,0.33274,NR,6.0223
0.19,0.34286,NR,5.9203
0.19,0.35298,NR,5.8186
0.19,0.3631,NR,5.7173
0.19,0.37321,NR,5.6164
0.19,0.38333,NR,5.5159
0.19,0.39345,NR,5.4157
0.19,0.40357,NR,5.316
0.19,0.41369,NR,5.2167
0.19,0.42381,NR,5.1177
0.19,0.43393,NR,5.0192
0.19,0.44405,NR,4.921
0.19,0.45417,NR,4.8232
0.19,0.46429,NR,4.7257
0.19,0.4744,NR,4.6287
0.19,0.48452,NR,4.532
0.19,0.49464,NR,4.4357
0.19,0.50476,NR,4.3398
0.19,0.51488,NR,4.2442
0.19,0.525,NR,4.149
0.19,0.53512,NR,4.0541
0.19,0.54524,NR,3.9596
0.19,0.55536,NR,3.8654
0.19,0.56548,NR,3.7716
0.19,0.5756,NR,3.6781
0.19,0.58571,NR,3.5849
0.19,0.59583,NR,3.4921
0.19,0.60595,NR,3.3996
0.19,0.61607,NR,3.3074
0.19,0.62619,NR,3.2155
0.19,0.63631,NR,3.1239
0.19,0.64643,NR,3.0326
0.19,0.65655,NR,2.9416
0.19,0.66667,NR,2.8509
0.19,0.67679,NR,2.7605
0.19,0.6869,NR,2.6703
0.19,0.69702,NR,2.5804
0.19,0.70714,NR,2.4907
0.19,0.71726,NR,2.4013
0.19,0.72738,NR,2.3121
0.19,0.7375,NR,2.2231
0.19,0.74762,NR,2.1344
0.19,0.75774,NR,2.0459
0.19,0.76786,R,1.9576
0.19,0.77798,R,1.8694
0.19,0.7881,R,1.7815
0.19,0.79821,R,1.6937
0.19,0.80833,R,1.6062
0.19,0.81845,R,1.5188
0.19,0.82857,R,1.4315
0.19,0.83869,R,1.3444
0.19,0.84881,R,1.2575
0.19,0.85893,R,1.1707
0.19,0.86905,R,1.084
0.19,0.87917,R,0.99753
0.19,0.88929,R,0.91118
0.19,0.8994,R,0.82498
0.19,0.90952,R,0.73895
0.19,0.91964,R,0.6531
0.19,0.92976,R,0.56744
0.19,0.93988,R,0.48202
0.19,0.95,R,0.39685
0.2,0.1,NR,8.4434
0.2,0.11012,NR,8.3333
0.2,0.12024,NR,8.2235
0.2,0.13036,NR,8.1141
0.2,0.14048,NR,8.0049
0.2,0.1506,NR,7.896
0.2,0.16071,NR,7.7875
0.2,0.17083,NR,7.6793
0.2,0.18095,NR,7.5715
0.2,0.19107,NR,7.464
0.2,0.20119,NR,7.3568
0.2,0.21131,NR,7.25
0.2,0.22143,NR,7.1436
0.2,0.23155,NR,7.0375
0.2,0.24167,NR,6.9317
0.2,0.25179,NR,6.8263
0.2,0.2619,NR,6.7213
0.2,0.27202,NR,6.6167
0.2,0.28214,NR,6.5124
0.2,0.29226,NR,6.4085
0.2,0.30238,NR,6.3049
0.2,0.3125,NR,6.2017
0.2,0.32262,NR,6.0989
0.2,0.33274,NR,5.9965
0.2,0.34286,NR,5.8945
0.2,0.35298,NR,5.7928
0.2,0.3631,NR,5.6915
0.2,0.37321,NR,5.5906
0.2,0.38333,NR,5.4901
0.2,0.39345,NR,5.3899
0.2,0.40357,NR,5.2901
0.2,0.41369,NR,5.1907
0.2,0.42381,NR,5.0917
0.2,0.43393,NR,4.993
0.2,0.44405,NR,4.8948
0.2,0.45417,NR,4.7969
0.2,0.46429,NR,4.6993
0.2,0.4744,NR,4.6021
0.2,0.48452,NR,4.5054
0.2,0.49464,NR,4.4089
0.2,0.50476,NR,4.3128
0.2,0.51488,NR,4.2171
0.2,0.525,NR,4.1218
0.2,0.53512,NR,4.0268
0.2,0.54524,NR,3.9321
0.2,0.55536,NR,3.8378
0.2,0.56548,NR,3.7439
0.2,0.5756,NR,3.6503
0.2,0.58571,NR,3.557
0.2,0.59583,NR,3.4641
0.2,0.60595,NR,3.3715
0.2,0.61607,NR,3.2792
0.2,0.62619,NR,3.1872
0.2,0.63631,NR,3.0956
0.2,0.64643,NR,3.0043
0.2,0.65655,NR,2.9132
0.2,0.66667,NR,2.8225
0.2,0.67679,NR,2.7321
0.2,0.6869,NR,2.642
0.2,0.69702,NR,2.5521
0.2,0.70714,NR,2.4626
0.2,0.71726,NR,2.3733
0.2,0.72738,NR,2.2843
0.2,0.7375,NR,2.1955
0.2,0.74762,NR,2.107
0.2,0.75774,NR,2.0188
0.2,0.76786,R,1.9308
0.2,0.77798,R,1.8431
0.2,0.7881,R,1.7556
0.2,0.79821,R,1.6683
0.2,0.80833,R,1.5813
0.2,0.81845,R,1.4945
0.2,0.82857,R,1.4079
0.2,0.83869,R,1.3216
0.2,0.84881,R,1.2355
0.2,0.85893,R,1.1496
0.2,0.86905,R,1.064
0.2,0.87917,R,0.97853
0.2,0.88929,R,0.89335
0.2,0.8994,R,0.80842
0.2,0.90952,R,0.72375
0.2,0.91964,R,0.63937
0.2,0.92976,R,0.55529
0.2,0.93988,R,0.47155
0.2,0.95,R,0.38819
0.21,0.1,NR,8.4142
0.21,0.11012,NR,8.3045
0.21,0.12024,NR,8.195
0.21,0.13036,NR,8.0859
0.21,0.14048,NR,7.9771
0.21,0.1506,NR,7.8685
0.21,0.16071,NR,7.7603
0.21,0.17083,NR,7.6524
0.21,0.18095,NR,7.5449
0.21,0.19107,NR,7.4377
0.21,0.20119,NR,7.3308
0.21,0.21131,NR,7.2242
0.21,0.22143,NR,7.118
0.21,0.23155,NR,7.0121
0.21,0.24167,NR,6.9066
0.21,0.25179,NR,6.8014
0.21,0.2619,NR,6.6965
0.21,0.27202,NR,6.592
0.21,0.28214,NR,6.4879
0.21,0.29226,NR,6.3842
0.21,0.30238,NR,6.2807
0.21,0.3125,NR,6.1777
0.21,0.32262,NR,6.075
0.21,0.33274,NR,5.9727
0.21,0.34286,NR,5.8707
0.21,0.35298,NR,5.7691
0.21,0.3631,NR,5.6679
0.21,0.37321,NR,5.567
0.21,0.38333,NR,5.4665
0.21,0.39345,NR,5.3664
0.21,0.40357,NR,5.2666
0.21,0.41369,NR,5.1672
0.21,0.42381,NR,5.0682
0.21,0.43393,NR,4.9695
0.21,0.44405,NR,4.8712
0.21,0.45417,NR,4.7733
0.21,0.46429,NR,4.6757
0.21,0.4744,NR,4.5785
0.21,0.48452,NR,4.4817
0.21,0.49464,NR,4.3852
0.21,0.50476,NR,4.2891
0.21,0.51488,NR,4.1933
0.21,0.525,NR,4.0979
0.21,0.53512,NR,4.0029
0.21,0.54524,NR,3.9082
0.21,0.55536,NR,3.8138
0.21,0.56548,NR,3.7198
0.21,0.5756,NR,3.6262
0.21,0.58571,NR,3.5329
0.21,0.59583,NR,3.4399
0.21,0.60595,NR,3.3473
0.21,0.61607,NR,3.255
0.21,0.62619,NR,3.1631
0.21,0.63631,NR,3.0715
0.21,0.64643,NR,2.9802
0.21,0.65655,NR,2.8892
0.21,0.66667,NR,2.7985
0.21,0.67679,NR,2.7082
0.21,0.6869,NR,2.6182
0.21,0.69702,NR,2.5285
0.21,0.70714,NR,2.4391
0.21,0.71726,NR,2.35
0.21,0.72738,NR,2.2612
0.21,0.7375,NR,2.1726
0.21,0.74762,NR,2.0844
0.21,0.75774,R,1.9965
0.21,0.76786,R,1.9089
0.21,0.77798,R,1.8215
0.21,0.7881,R,1.7344
0.21,0.79821,R,1.6476
0.21,0.80833,R,1.5611
0.21,0.81845,R,1.4749
0.21,0.82857,R,1.3889
0.21,0.83869,R,1.3032
0.21,0.84881,R,1.2178
0.21,0.85893,R,1.1327
0.21,0.86905,R,1.0479
0.21,0.87917,R,0.96339
0.21,0.88929,R,0.87918
0.21,0.8994,R,0.79529
0.21,0.90952,R,0.71174
0.21,0.91964,R,0.62855
0.21,0.92976,R,0.54573
0.21,0.93988,R,0.46334
0.21,0.95,R,0.38139
0.22,0.1,NR,8.3864
0.22,0.11012,NR,8.277
0.22,0.12024,NR,8.1679
0.22,0.13036,NR,8.0591
0.22,0.14048,NR,7.9506
0.22,0.1506,NR,7.8424
0.22,0.16071,NR,7.7345
0.22,0.17083,NR,7.6269
0.22,0.18095,NR,7.5196
0.22,0.19107,NR,7.4127
0.22,0.20119,NR,7.306
0.22,0.21131,NR,7.1997
0.22,0.22143,NR,7.0938
0.22,0.23155,NR,6.9881
0.22,0.24167,NR,6.8828
0.22,0.25179,NR,6.7778
0.22,0.2619,NR,6.6732
0.22,0.27202,NR,6.5689
0.22,0.28214,NR,6.465
0.22,0.29226,NR,6.3614
0.22,0.30238,NR,6.2581
0.22,0.3125,NR,6.1552
0.22,0.32262,NR,6.0526
0.22,0.33274,NR,5.9504
0.22,0.34286,NR,5.8486
0.22,0.35298,NR,5.7471
0.22,0.3631,NR,5.646
0.22,0.37321,NR,5.5452
0.22,0.38333,NR,5.4448
0.22,0.39345,NR,5.3447
0.22,0.40357,NR,5.245
0.22,0.41369,NR,5.1457
0.22,0.42381,NR,5.0467
0.22,0.43393,NR,4.9481
0.22,0.44405,NR,4.8498
0.22,0.45417,NR,4.7519
0.22,0.46429,NR,4.6544
0.22,0.4744,NR,4.5572
0.22,0.48452,NR,4.4604
0.22,0.49464,NR,4.3639
0.22,0.50476,NR,4.2678
0.22,0.51488,NR,4.1721
0.22,0.525,NR,4.0767
0.22,0.53512,NR,3.9816
0.22,0.54524,NR,3.887
0.22,0.55536,NR,3.7927
0.22,0.56548,NR,3.6987
0.22,0.5756,NR,3.6051
0.22,0.58571,NR,3.5118
0.22,0.59583,NR,3.4189
0.22,0.60595,NR,3.3263
0.22,0.61607,NR,3.2341
0.22,0.62619,NR,3.1422
0.22,0.63631,NR,3.0506
0.22,0.64643,NR,2.9594
0.22,0.65655,NR,2.8685
0.22,0.66667,NR,2.778
0.22,0.67679,NR,2.6878
0.22,0.6869,NR,2.5979
0.22,0.69702,NR,2.5083
0.22,0.70714,NR,2.4191
0.22,0.71726,NR,2.3302
0.22,0.72738,NR,2.2416
0.22,0.7375,NR,2.1534
0.22,0.74762,NR,2.0654
0.22,0.75774,R,1.9778
0.22,0.76786,R,1.8905
0.22,0.77798,R,1.8035
0.22,0.7881,R,1.7168
0.22,0.79821,R,1.6304
0.22,0.80833,R,1.5444
0.22,0.81845,R,1.4586
0.22,0.82857,R,1.3732
0.22,0.83869,R,1.2881
0.22,0.84881,R,1.2033
0.22,0.85893,R,1.1189
0.22,0.86905,R,1.0348
0.22,0.87917,R,0.95105
0.22,0.88929,R,0.86766
0.22,0.8994,R,0.78464
0.22,0.90952,R,0.70202
0.22,0.91964,R,0.61981
0.22,0.92976,R,0.53803
0.22,0.93988,R,0.45673
0.22,0.95,R,0.37593
0.23,0.1,NR,8.3598
0.23,0.11012,NR,8.2508
0.23,0.12024,NR,8.142
0.23,0.13036,NR,8.0335
0.23,0.14048,NR,7.9253
0.23,0.1506,NR,7.8174
0.23,0.16071,NR,7.7098
0.23,0.17083,NR,7.6025
0.23,0.18095,NR,7.4956
0.23,0.19107,NR,7.3889
0.23,0.20119,NR,7.2825
0.23,0.21131,NR,7.1765
0.23,0.22143,NR,7.0707
0.23,0.23155,NR,6.9654
0.23,0.24167,NR,6.8603
0.23,0.25179,NR,6.7555
0.23,0.2619,NR,6.6511
0.23,0.27202,NR,6.547
0.23,0.28214,NR,6.4433
0.23,0.29226,NR,6.3399
0.23,0.30238,NR,6.2368
0.23,0.3125,NR,6.1341
0.23,0.32262,NR,6.0317
0.23,0.33274,NR,5.9296
0.23,0.34286,NR,5.8279
0.23,0.35298,NR,5.7266
0.23,0.3631,NR,5.6256
0.23,0.37321,NR,5.5249
0.23,0.38333,NR,5.4246
0.23,0.39345,NR,5.3246
0.23,0.40357,NR,5.225
0.23,0.41369,NR,5.1258
0.23,0.42381,NR,5.0269
0.23,0.43393,NR,4.9284
0.23,0.44405,NR,4.8302
0.23,0.45417,NR,4.7324
0.23,0.46429,NR,4.6349
0.23,0.4744,NR,4.5378
0.23,0.48452,NR,4.441
0.23,0.49464,NR,4.3446
0.23,0.50476,NR,4.2486
0.23,0.51488,NR,4.1529
0.23,0.525,NR,4.0576
0.23,0.53512,NR,3.9626
0.23,0.54524,NR,3.868
0.23,0.55536,NR,3.7737
0.23,0.56548,NR,3.6798
0.23,0.5756,NR,3.5863
0.23,0.58571,NR,3.4931
0.23,0.59583,NR,3.4002
0.23,0.60595,NR,3.3077
0.23,0.61607,NR,3.2156
0.23,0.62619,NR,3.1238
0.23,0.63631,NR,3.0324
0.23,0.64643,NR,2.9413
0.23,0.65655,NR,2.8505
0.23,0.66667,NR,2.7601
0.23,0.67679,NR,2.67
0.23,0.6869,NR,2.5803
0.23,0.69702,NR,2.491
0.23,0.70714,NR,2.4019
0.23,0.71726,NR,2.3132
0.23,0.72738,NR,2.2249
0.23,0.7375,NR,2.1369
0.23,0.74762,NR,2.0492
0.23,0.75774,R,1.9618
0.23,0.76786,R,1.8748
0.23,0.77798,R,1.7882
0.23,0.7881,R,1.7019
0.23,0.79821,R,1.6159
0.23,0.80833,R,1.5303
0.23,0.81845,R,1.445
0.23,0.82857,R,1.36
0.23,0.83869,R,1.2754
0.23,0.84881,R,1.1912
0.23,0.85893,R,1.1074
0.23,0.86905,R,1.0239
0.23,0.87917,R,0.94081
0.23,0.88929,R,0.85812
0.23,0.8994,R,0.77584
0.23,0.90952,R,0.694
0.23,0.91964,R,0.61261
0.23,0.92976,R,0.5317
0.23,0.93988,R,0.4513
0.23,0.95,R,0.37145
0.24,0.1,NR,8.3344
0.24,0.11012,NR,8.2257
0.24,0.12024,NR,8.1172
0.24,0.13036,NR,8.0091
0.24,0.14048,NR,7.9012
0.24,0.1506,NR,7.7936
0.24,0.16071,NR,7.6863
0.24,0.17083,NR,7.5793
0.24,0.18095,NR,7.4726
0.24,0.19107,NR,7.3662
0.24,0.20119,NR,7.2601
0.24,0.21131,NR,7.1543
0.24,0.22143,NR,7.0489
0.24,0.23155,NR,6.9437
0.24,0.24167,NR,6.8389
0.24,0.25179,NR,6.7344
0.24,0.2619,NR,6.6302
0.24,0.27202,NR,6.5263
0.24,0.28214,NR,6.4228
0.24,0.29226,NR,6.3195
0.24,0.30238,NR,6.2167
0.24,0.3125,NR,6.1141
0.24,0.32262,NR,6.0119
0.24,0.33274,NR,5.91
0.24,0.34286,NR,5.8085
0.24,0.35298,NR,5.7073
0.24,0.3631,NR,5.6064
0.24,0.37321,NR,5.5059
0.24,0.38333,NR,5.4057
0.24,0.39345,NR,5.3059
0.24,0.40357,NR,5.2065
0.24,0.41369,NR,5.1073
0.24,0.42381,NR,5.0086
0.24,0.43393,NR,4.9101
0.24,0.44405,NR,4.8121
0.24,0.45417,NR,4.7143
0.24,0.46429,NR,4.617
0.24,0.4744,NR,4.5199
0.24,0.48452,NR,4.4233
0.24,0.49464,NR,4.327
0.24,0.50476,NR,4.231
0.24,0.51488,NR,4.1354
0.24,0.525,NR,4.0402
0.24,0.53512,NR,3.9453
0.24,0.54524,NR,3.8508
0.24,0.55536,NR,3.7566
0.24,0.56548,NR,3.6628
0.24,0.5756,NR,3.5694
0.24,0.58571,NR,3.4763
0.24,0.59583,NR,3.3836
0.24,0.60595,NR,3.2912
0.24,0.61607,NR,3.1991
0.24,0.62619,NR,3.1075
0.24,0.63631,NR,3.0162
0.24,0.64643,NR,2.9252
0.24,0.65655,NR,2.8346
0.24,0.66667,NR,2.7444
0.24,0.67679,NR,2.6545
0.24,0.6869,NR,2.5649
0.24,0.69702,NR,2.4757
0.24,0.70714,NR,2.3869
0.24,0.71726,NR,2.2984
0.24,0.72738,NR,2.2103
0.24,0.7375,NR,2.1225
0.24,0.74762,NR,2.0351
0.24,0.75774,R,1.9481
0.24,0.76786,R,1.8614
0.24,0.77798,R,1.775
0.24,0.7881,R,1.689
0.24,0.79821,R,1.6034
0.24,0.80833,R,1.5182
0.24,0.81845,R,1.4333
0.24,0.82857,R,1.3488
0.24,0.83869,R,1.2647
0.24,0.84881,R,1.1809
0.24,0.85893,R,1.0976
0.24,0.86905,R,1.0147
0.24,0.87917,R,0.93216
0.24,0.88929,R,0.85008
0.24,0.8994,R,0.76844
0.24,0.90952,R,0.68726
0.24,0.91964,R,0.60658
0.24,0.92976,R,0.5264
0.24,0.93988,R,0.44677
0.24,0.95,R,0.36772
0.25,0.1,NR,8.31
0.25,0.11012,NR,8.2016
0.25,0.12024,NR,8.0935
0.25,0.13036,NR,7.9856
0.25,0.14048,NR,7.878
0.25,0.1506,NR,7.7708
0.25,0.16071,NR,7.6637
0.25,0.17083,NR,7.557
0.25,0.18095,NR,7.4506
0.25,0.19107,NR,7.3445
0.25,0.20119,NR,7.2387
0.25,0.21131,NR,7.1332
0.25,0.22143,NR,7.028
0.25,0.23155,NR,6.923
0.25,0.24167,NR,6.8184
0.25,0.25179,NR,6.7142
0.25,0.2619,NR,6.6102
0.25,0.27202,NR,6.5066
0.25,0.28214,NR,6.4032
0.25,0.29226,NR,6.3002
0.25,0.30238,NR,6.1975
0.25,0.3125,NR,6.0952
0.25,0.32262,NR,5.9932
0.25,0.33274,NR,5.8915
0.25,0.34286,NR,5.7901
0.25,0.35298,NR,5.6891
0.25,0.3631,NR,5.5884
0.25,0.37321,NR,5.4881
0.25,0.38333,NR,5.388
0.25,0.39345,NR,5.2884
0.25,0.40357,NR,5.189
0.25,0.41369,NR,5.0901
0.25,0.42381,NR,4.9914
0.25,0.43393,NR,4.8931
0.25,0.44405,NR,4.7952
0.25,0.45417,NR,4.6976
0.25,0.46429,NR,4.6003
0.25,0.4744,NR,4.5034
0.25,0.48452,NR,4.4069
0.25,0.49464,NR,4.3107
0.25,0.50476,NR,4.2149
0.25,0.51488,NR,4.1194
0.25,0.525,NR,4.0243
0.25,0.53512,NR,3.9295
0.25,0.54524,NR,3.8351
0.25,0.55536,NR,3.7411
0.25,0.56548,NR,3.6474
0.25,0.5756,NR,3.5541
0.25,0.58571,NR,3.4611
0.25,0.59583,NR,3.3685
0.25,0.60595,NR,3.2762
0.25,0.61607,NR,3.1843
0.25,0.62619,NR,3.0928
0.25,0.63631,NR,3.0016
0.25,0.64643,NR,2.9108
0.25,0.65655,NR,2.8204
0.25,0.66667,NR,2.7303
0.25,0.67679,NR,2.6406
0.25,0.6869,NR,2.5512
0.25,0.69702,NR,2.4622
0.25,0.70714,NR,2.3736
0.25,0.71726,NR,2.2854
0.25,0.72738,NR,2.1975
0.25,0.7375,NR,2.1099
0.25,0.74762,NR,2.0228
0.25,0.75774,R,1.936
0.25,0.76786,R,1.8496
0.25,0.77798,R,1.7635
0.25,0.7881,R,1.6779
0.25,0.79821,R,1.5926
0.25,0.80833,R,1.5077
0.25,0.81845,R,1.4232
0.25,0.82857,R,1.3391
0.25,0.83869,R,1.2554
0.25,0.84881,R,1.1721
0.25,0.85893,R,1.0892
0.25,0.86905,R,1.0068
0.25,0.87917,R,0.92477
0.25,0.88929,R,0.84321
0.25,0.8994,R,0.76213
0.25,0.90952,R,0.68153
0.25,0.91964,R,0.60145
0.25,0.92976,R,0.5219
0.25,0.93988,R,0.44293
0.25,0.95,R,0.36456
0.26,0.1,NR,8.2866
0.26,0.11012,NR,8.1785
0.26,0.12024,NR,8.0707
0.26,0.13036,NR,7.9631
0.26,0.14048,NR,7.8558
0.26,0.1506,NR,7.7488
0.26,0.16071,NR,7.6421
0.26,0.17083,NR,7.5357
0.26,0.18095,NR,7.4295
0.26,0.19107,NR,7.3237
0.26,0.20119,NR,7.2181
0.26,0.21131,NR,7.1129
0.26,0.22143,NR,7.0079
0.26,0.23155,NR,6.9033
0.26,0.24167,NR,6.7989
0.26,0.25179,NR,6.6949
0.26,0.2619,NR,6.5912
0.26,0.27202,NR,6.4877
0.26,0.28214,NR,6.3846
0.26,0.29226,NR,6.2818
0.26,0.30238,NR,6.1794
0.26,0.3125,NR,6.0772
0.26,0.32262,NR,5.9754
0.26,0.33274,NR,5.8739
0.26,0.34286,NR,5.7727
0.26,0.35298,NR,5.6719
0.26,0.3631,NR,5.5714
0.26,0.37321,NR,5.4712
0.26,0.38333,NR,5.3713
0.26,0.39345,NR,5.2718
0.26,0.40357,NR,5.1727
0.26,0.41369,NR,5.0738
0.26,0.42381,NR,4.9753
0.26,0.43393,NR,4.8772
0.26,0.44405,NR,4.7794
0.26,0.45417,NR,4.682
0.26,0.46429,NR,4.5848
0.26,0.4744,NR,4.4881
0.26,0.48452,NR,4.3917
0.26,0.49464,NR,4.2956
0.26,0.50476,NR,4.1999
0.26,0.51488,NR,4.1046
0.26,0.525,NR,4.0096
0.26,0.53512,NR,3.915
0.26,0.54524,NR,3.8207
0.26,0.55536,NR,3.7268
0.26,0.56548,NR,3.6332
0.26,0.5756,NR,3.54
0.26,0.58571,NR,3.4472
0.26,0.59583,NR,3.3547
0.26,0.60595,NR,3.2626
0.26,0.61607,NR,3.1709
0.26,0.62619,NR,3.0795
0.26,0.63631,NR,2.9885
0.26,0.64643,NR,2.8979
0.26,0.65655,NR,2.8076
0.26,0.66667,NR,2.7177
0.26,0.67679,NR,2.6281
0.26,0.6869,NR,2.539
0.26,0.69702,NR,2.4502
0.26,0.70714,NR,2.3618
0.26,0.71726,NR,2.2737
0.26,0.72738,NR,2.1861
0.26,0.7375,NR,2.0988
0.26,0.74762,NR,2.0119
0.26,0.75774,R,1.9253
0.26,0.76786,R,1.8392
0.26,0.77798,R,1.7534
0.26,0.7881,R,1.6681
0.26,0.79821,R,1.5831
0.26,0.80833,R,1.4985
0.26,0.81845,R,1.4144
0.26,0.82857,R,1.3306
0.26,0.83869,R,1.2473
0.26,0.84881,R,1.1644
0.26,0.85893,R,1.0819
0.26,0.86905,R,0.99992
0.26,0.87917,R,0.91836
0.26,0.88929,R,0.83727
0.26,0.8994,R,0.75668
0.26,0.90952,R,0.67659
0.26,0.91964,R,0.59704
0.26,0.92976,R,0.51804
0.26,0.93988,R,0.43963
0.26,0.95,R,0.36185
0.27,0.1,NR,8.2641
0.27,0.11012,NR,8.1563
0.27,0.12024,NR,8.0488
0.27,0.13036,NR,7.9415
0.27,0.14048,NR,7.8345
0.27,0.1506,NR,7.7278
0.27,0.16071,NR,7.6214
0.27,0.17083,NR,7.5152
0.27,0.18095,NR,7.4093
0.27,0.19107,NR,7.3037
0.27,0.20119,NR,7.1984
0.27,0.21131,NR,7.0934
0.27,0.22143,NR,6.9887
0.27,0.23155,NR,6.8843
0.27,0.24167,NR,6.7802
0.27,0.25179,NR,6.6764
0.27,0.2619,NR,6.5729
0.27,0.27202,NR,6.4697
0.27,0.28214,NR,6.3668
0.27,0.29226,NR,6.2643
0.27,0.30238,NR,6.162
0.27,0.3125,NR,6.0601
0.27,0.32262,NR,5.9584
0.27,0.33274,NR,5.8571
0.27,0.34286,NR,5.7562
0.27,0.35298,NR,5.6555
0.27,0.3631,NR,5.5552
0.27,0.37321,NR,5.4552
0.27,0.38333,NR,5.3555
0.27,0.39345,NR,5.2562
0.27,0.40357,NR,5.1572
0.27,0.41369,NR,5.0585
0.27,0.42381,NR,4.9602
0.27,0.43393,NR,4.8622
0.27,0.44405,NR,4.7646
0.27,0.45417,NR,4.6673
0.27,0.46429,NR,4.5703
0.27,0.4744,NR,4.4737
0.27,0.48452,NR,4.3775
0.27,0.49464,NR,4.2816
0.27,0.50476,NR,4.186
0.27,0.51488,NR,4.0908
0.27,0.525,NR,3.996
0.27,0.53512,NR,3.9015
0.27,0.54524,NR,3.8074
0.27,0.55536,NR,3.7136
0.27,0.56548,NR,3.6202
0.27,0.5756,NR,3.5271
0.27,0.58571,NR,3.4344
0.27,0.59583,NR,3.3421
0.27,0.60595,NR,3.2502
0.27,0.61607,NR,3.1586
0.27,0.62619,NR,3.0674
0.27,0.63631,NR,2.9765
0.27,0.64643,NR,2.8861
0.27,0.65655,NR,2.796
0.27,0.66667,NR,2.7062
0.27,0.67679,NR,2.6169
0.27,0.6869,NR,2.5279
0.27,0.69702,NR,2.4393
0.27,0.70714,NR,2.3511
0.27,0.71726,NR,2.2633
0.27,0.72738,NR,2.1758
0.27,0.7375,NR,2.0887
0.27,0.74762,NR,2.0021
0.27,0.75774,R,1.9158
0.27,0.76786,R,1.8299
0.27,0.77798,R,1.7444
0.27,0.7881,R,1.6593
0.27,0.79821,R,1.5747
0.27,0.80833,R,1.4904
0.27,0.81845,R,1.4066
0.27,0.82857,R,1.3231
0.27,0.83869,R,1.2402
0.27,0.84881,R,1.1576
0.27,0.85893,R,1.0755
0.27,0.86905,R,0.9939
0.27,0.87917,R,0.91274
0.27,0.88929,R,0.83208
0.27,0.8994,R,0.75192
0.27,0.90952,R,0.67228
0.27,0.91964,R,0.59319
0.27,0.92976,R,0.51468
0.27,0.93988,R,0.43677
0.27,0.95,R,0.3595
0.28,0.1,NR,8.2424
0.28,0.11012,NR,8.1349
0.28,0.12024,NR,8.0276
0.28,0.13036,NR,7.9207
0.28,0.14048,NR,7.814
0.28,0.1506,NR,7.7075
0.28,0.16071,NR,7.6013
0.28,0.17083,NR,7.4955
0.28,0.18095,NR,7.3899
0.28,0.19107,NR,7.2845
0.28,0.20119,NR,7.1795
0.28,0.21131,NR,7.0748
0.28,0.22143,NR,6.9703
0.28,0.23155,NR,6.8661
0.28,0.24167,NR,6.7623
0.28,0.25179,NR,6.6587
0.28,0.2619,NR,6.5554
0.28,0.27202,NR,6.4524
0.28,0.28214,NR,6.3498
0.28,0.29226,NR,6.2474
0.28,0.30238,NR,6.1454
0.28,0.3125,NR,6.0437
0.28,0.32262,NR,5.9422
0.28,0.33274,NR,5.8411
0.28,0.34286,NR,5.7404
0.28,0.35298,NR,5.6399
0.28,0.3631,NR,5.5398
0.28,0.37321,NR,5.44
0.28,0.38333,NR,5.3405
0.28,0.39345,NR,5.2413
0.28,0.40357,NR,5.1425
0.28,0.41369,NR,5.044
0.28,0.42381,NR,4.9459
0.28,0.43393,NR,4.848
0.28,0.44405,NR,4.7506
0.28,0.45417,NR,4.6534
0.28,0.46429,NR,4.5566
0.28,0.4744,NR,4.4602
0.28,0.48452,NR,4.3641
0.28,0.49464,NR,4.2683
0.28,0.50476,NR,4.173
0.28,0.51488,NR,4.0779
0.28,0.525,NR,3.9832
0.28,0.53512,NR,3.8889
0.28,0.54524,NR,3.7949
0.28,0.55536,NR,3.7013
0.28,0.56548,NR,3.608
0.28,0.5756,NR,3.5152
0.28,0.58571,NR,3.4226
0.28,0.59583,NR,3.3305
0.28,0.60595,NR,3.2387
0.28,0.61607,NR,3.1473
0.28,0.62619,NR,3.0562
0.28,0.63631,NR,2.9655
0.28,0.64643,NR,2.8752
0.28,0.65655,NR,2.7853
0.28,0.66667,NR,2.6958
0.28,0.67679,NR,2.6066
0.28,0.6869,NR,2.5178
0.28,0.69702,NR,2.4294
0.28,0.70714,NR,2.3414
0.28,0.71726,NR,2.2538
0.28,0.72738,NR,2.1665
0.28,0.7375,NR,2.0797
0.28,0.74762,R,1.9932
0.28,0.75774,R,1.9072
0.28,0.76786,R,1.8216
0.28,0.77798,R,1.7363
0.28,0.7881,R,1.6515
0.28,0.79821,R,1.5671
0.28,0.80833,R,1.4831
0.28,0.81845,R,1.3996
0.28,0.82857,R,1.3165
0.28,0.83869,R,1.2338
0.28,0.84881,R,1.1516
0.28,0.85893,R,1.0698
0.28,0.86905,R,0.98857
0.28,0.87917,R,0.90778
0.28,0.88929,R,0.82749
0.28,0.8994,R,0.74772
0.28,0.90952,R,0.66849
0.28,0.91964,R,0.58981
0.28,0.92976,R,0.51173
0.28,0.93988,R,0.43426
0.28,0.95,R,0.35744
0.29,0.1,NR,8.2215
0.29,0.11012,NR,8.1143
0.29,0.12024,NR,8.0073
0.29,0.13036,NR,7.9006
0.29,0.14048,NR,7.7941
0.29,0.1506,NR,7.688
0.29,0.16071,NR,7.5821
0.29,0.17083,NR,7.4765
0.29,0.18095,NR,7.3711
0.29,0.19107,NR,7.266
0.29,0.20119,NR,7.1613
0.29,0.21131,NR,7.0568
0.29,0.22143,NR,6.9525
0.29,0.23155,NR,6.8486
0.29,0.24167,NR,6.745
0.29,0.25179,NR,6.6416
0.29,0.2619,NR,6.5386
0.29,0.27202,NR,6.4359
0.29,0.28214,NR,6.3334
0.29,0.29226,NR,6.2313
0.29,0.30238,NR,6.1295
0.29,0.3125,NR,6.0279
0.29,0.32262,NR,5.9267
0.29,0.33274,NR,5.8258
0.29,0.34286,NR,5.7253
0.29,0.35298,NR,5.625
0.29,0.3631,NR,5.525
0.29,0.37321,NR,5.4254
0.29,0.38333,NR,5.3261
0.29,0.39345,NR,5.2272
0.29,0.40357,NR,5.1285
0.29,0.41369,NR,5.0302
0.29,0.42381,NR,4.9322
0.29,0.43393,NR,4.8346
0.29,0.44405,NR,4.7373
0.29,0.45417,NR,4.6403
0.29,0.46429,NR,4.5437
0.29,0.4744,NR,4.4474
0.29,0.48452,NR,4.3515
0.29,0.49464,NR,4.2559
0.29,0.50476,NR,4.1607
0.29,0.51488,NR,4.0658
0.29,0.525,NR,3.9712
0.29,0.53512,NR,3.8771
0.29,0.54524,NR,3.7833
0.29,0.55536,NR,3.6898
0.29,0.56548,NR,3.5967
0.29,0.5756,NR,3.504
0.29,0.58571,NR,3.4116
0.29,0.59583,NR,3.3196
0.29,0.60595,NR,3.228
0.29,0.61607,NR,3.1367
0.29,0.62619,NR,3.0459
0.29,0.63631,NR,2.9554
0.29,0.64643,NR,2.8652
0.29,0.65655,NR,2.7755
0.29,0.66667,NR,2.6861
0.29,0.67679,NR,2.5971
0.29,0.6869,NR,2.5085
0.29,0.69702,NR,2.4203
0.29,0.70714,NR,2.3325
0.29,0.71726,NR,2.2451
0.29,0.72738,NR,2.1581
0.29,0.7375,NR,2.0714
0.29,0.74762,R,1.9852
0.29,0.75774,R,1.8994
0.29,0.76786,R,1.814
0.29,0.77798,R,1.729
0.29,0.7881,R,1.6444
0.29,0.79821,R,1.5603
0.29,0.80833,R,1.4766
0.29,0.81845,R,1.3933
0.29,0.82857,R,1.3105
0.29,0.83869,R,1.2281
0.29,0.84881,R,1.1462
0.29,0.85893,R,1.0648
0.29,0.86905,R,0.98381
0.29,0.87917,R,0.90335
0.29,0.88929,R,0.8234
0.29,0.8994,R,0.74398
0.29,0.90952,R,0.66511
0.29,0.91964,R,0.58682
0.29,0.92976,R,0.50912
0.29,0.93988,R,0.43204
0.29,0.95,R,0.35562
0.3,0.1,NR,8.2013
0.3,0.11012,NR,8.0943
0.3,0.12024,NR,7.9876
0.3,0.13036,NR,7.8812
0.3,0.14048,NR,7.775
0.3,0.1506,NR,7.6691
0.3,0.16071,NR,7.5635
0.3,0.17083,NR,7.4581
0.3,0.18095,NR,7.353
0.3,0.19107,NR,7.2482
0.3,0.20119,NR,7.1437
0.3,0.21131,NR,7.0394
0.3,0.22143,NR,6.9354
0.3,0.23155,NR,6.8317
0.3,0.24167,NR,6.7283
0.3,0.25179,NR,6.6252
0.3,0.2619,NR,6.5224
0.3,0.27202,NR,6.4199
0.3,0.28214,NR,6.3177
0.3,0.29226,NR,6.2158
0.3,0.30238,NR,6.1142
0.3,0.3125,NR,6.0128
0.3,0.32262,NR,5.9118
0.3,0.33274,NR,5.8111
0.3,0.34286,NR,5.7108
0.3,0.35298,NR,5.6107
0.3,0.3631,NR,5.511
0.3,0.37321,NR,5.4115
0.3,0.38333,NR,5.3124
0.3,0.39345,NR,5.2136
0.3,0.40357,NR,5.1152
0.3,0.41369,NR,5.017
0.3,0.42381,NR,4.9192
0.3,0.43393,NR,4.8218
0.3,0.44405,NR,4.7246
0.3,0.45417,NR,4.6279
0.3,0.46429,NR,4.5314
0.3,0.4744,NR,4.4353
0.3,0.48452,NR,4.3395
0.3,0.49464,NR,4.2441
0.3,0.50476,NR,4.149
0.3,0.51488,NR,4.0543
0.3,0.525,NR,3.96
0.3,0.53512,NR,3.866
0.3,0.54524,NR,3.7723
0.3,0.55536,NR,3.679
0.3,0.56548,NR,3.5861
0.3,0.5756,NR,3.4935
0.3,0.58571,NR,3.4013
0.3,0.59583,NR,3.3095
0.3,0.60595,NR,3.218
0.3,0.61607,NR,3.1269
0.3,0.62619,NR,3.0362
0.3,0.63631,NR,2.9459
0.3,0.64643,NR,2.856
0.3,0.65655,NR,2.7664
0.3,0.66667,NR,2.6772
0.3,0.67679,NR,2.5884
0.3,0.6869,NR,2.5
0.3,0.69702,NR,2.412
0.3,0.70714,NR,2.3243
0.3,0.71726,NR,2.2371
0.3,0.72738,NR,2.1503
0.3,0.7375,NR,2.0639
0.3,0.74762,R,1.9779
0.3,0.75774,R,1.8923
0.3,0.76786,R,1.8071
0.3,0.77798,R,1.7223
0.3,0.7881,R,1.638
0.3,0.79821,R,1.5541
0.3,0.80833,R,1.4706
0.3,0.81845,R,1.3876
0.3,0.82857,R,1.3051
0.3,0.83869,R,1.223
0.3,0.84881,R,1.1413
0.3,0.85893,R,1.0602
0.3,0.86905,R,0.97951
0.3,0.87917,R,0.89936
0.3,0.88929,R,0.81973
0.3,0.8994,R,0.74063
0.3,0.90952,R,0.66209
0.3,0.91964,R,0.58413
0.3,0.92976,R,0.50678
0.3,0.93988,R,0.43006
0.3,0.95,R,0.354
0.31,0.1,NR,8.1817
0.31,0.11012,NR,8.075
0.31,0.12024,NR,7.9686
0.31,0.13036,NR,7.8624
0.31,0.14048,NR,7.7565
0.31,0.1506,NR,7.6509
0.31,0.16071,NR,7.5455
0.31,0.17083,NR,7.4404
0.31,0.18095,NR,7.3355
0.31,0.19107,NR,7.2309
0.31,0.20119,NR,7.1266
0.31,0.21131,NR,7.0226
0.31,0.22143,NR,6.9189
0.31,0.23155,NR,6.8154
0.31,0.24167,NR,6.7123
0.31,0.25179,NR,6.6094
0.31,0.2619,NR,6.5068
0.31,0.27202,NR,6.4045
0.31,0.28214,NR,6.3025
0.31,0.29226,NR,6.2008
0.31,0.30238,NR,6.0994
0.31,0.3125,NR,5.9983
0.31,0.32262,NR,5.8975
0.31,0.33274,NR,5.797
0.31,0.34286,NR,5.6968
0.31,0.35298,NR,5.597
0.31,0.3631,NR,5.4974
0.31,0.37321,NR,5.3982
0.31,0.38333,NR,5.2993
0.31,0.39345,NR,5.2007
0.31,0.40357,NR,5.1024
0.31,0.41369,NR,5.0045
0.31,0.42381,NR,4.9068
0.31,0.43393,NR,4.8096
0.31,0.44405,NR,4.7126
0.31,0.45417,NR,4.616
0.31,0.46429,NR,4.5197
0.31,0.4744,NR,4.4238
0.31,0.48452,NR,4.3282
0.31,0.49464,NR,4.2329
0.31,0.50476,NR,4.138
0.31,0.51488,NR,4.0435
0.31,0.525,NR,3.9493
0.31,0.53512,NR,3.8554
0.31,0.54524,NR,3.762
0.31,0.55536,NR,3.6688
0.31,0.56548,NR,3.5761
0.31,0.5756,NR,3.4837
0.31,0.58571,NR,3.3916
0.31,0.59583,NR,3.3
0.31,0.60595,NR,3.2087
0.31,0.61607,NR,3.1178
0.31,0.62619,NR,3.0272
0.31,0.63631,NR,2.9371
0.31,0.64643,NR,2.8473
0.31,0.65655,NR,2.7579
0.31,0.66667,NR,2.6689
0.31,0.67679,NR,2.5803
0.31,0.6869,NR,2.492
0.31,0.69702,NR,2.4042
0.31,0.70714,NR,2.3168
0.31,0.71726,NR,2.2297
0.31,0.72738,NR,2.1431
0.31,0.7375,NR,2.0569
0.31,0.74762,R,1.9711
0.31,0.75774,R,1.8857
0.31,0.76786,R,1.8007
0.31,0.77798,R,1.7162
0.31,0.7881,R,1.6321
0.31,0.79821,R,1.5484
0.31,0.80833,R,1.4652
0.31,0.81845,R,1.3824
0.31,0.82857,R,1.3001
0.31,0.83869,R,1.2183
0.31,0.84881,R,1.1369
0.31,0.85893,R,1.056
0.31,0.86905,R,0.97563
0.31,0.87917,R,0.89575
0.31,0.88929,R,0.81641
0.31,0.8994,R,0.73761
0.31,0.90952,R,0.65937
0.31,0.91964,R,0.58172
0.31,0.92976,R,0.50468
0.31,0.93988,R,0.42827
0.31,0.95,R,0.35254
0.32,0.1,NR,8.1628
0.32,0.11012,NR,8.0564
0.32,0.12024,NR,7.9502
0.32,0.13036,NR,7.8443
0.32,0.14048,NR,7.7386
0.32,0.1506,NR,7.6332
0.32,0.16071,NR,7.5281
0.32,0.17083,NR,7.4232
0.32,0.18095,NR,7.3186
0.32,0.19107,NR,7.2143
0.32,0.20119,NR,7.1102
0.32,0.21131,NR,7.0064
0.32,0.22143,NR,6.9029
0.32,0.23155,NR,6.7997
0.32,0.24167,NR,6.6968
0.32,0.25179,NR,6.5941
0.32,0.2619,NR,6.4918
0.32,0.27202,NR,6.3897
0.32,0.28214,NR,6.2879
0.32,0.29226,NR,6.1864
0.32,0.30238,NR,6.0852
0.32,0.3125,NR,5.9843
0.32,0.32262,NR,5.8837
0.32,0.33274,NR,5.7834
0.32,0.34286,NR,5.6835
0.32,0.35298,NR,5.5838
0.32,0.3631,NR,5.4844
0.32,0.37321,NR,5.3854
0.32,0.38333,NR,5.2867
0.32,0.39345,NR,5.1882
0.32,0.40357,NR,5.0902
0.32,0.41369,NR,4.9924
0.32,0.42381,NR,4.895
0.32,0.43393,NR,4.7979
0.32,0.44405,NR,4.7011
0.32,0.45417,NR,4.6046
0.32,0.46429,NR,4.5085
0.32,0.4744,NR,4.4128
0.32,0.48452,NR,4.3174
0.32,0.49464,NR,4.2223
0.32,0.50476,NR,4.1276
0.32,0.51488,NR,4.0332
0.32,0.525,NR,3.9391
0.32,0.53512,NR,3.8455
0.32,0.54524,NR,3.7521
0.32,0.55536,NR,3.6592
0.32,0.56548,NR,3.5666
0.32,0.5756,NR,3.4744
0.32,0.58571,NR,3.3825
0.32,0.59583,NR,3.291
0.32,0.60595,NR,3.1999
0.32,0.61607,NR,3.1091
0.32,0.62619,NR,3.0188
0.32,0.63631,NR,2.9288
0.32,0.64643,NR,2.8392
0.32,0.65655,NR,2.7499
0.32,0.66667,NR,2.6611
0.32,0.67679,NR,2.5727
0.32,0.6869,NR,2.4846
0.32,0.69702,NR,2.397
0.32,0.70714,NR,2.3097
0.32,0.71726,NR,2.2229
0.32,0.72738,NR,2.1365
0.32,0.7375,NR,2.0504
0.32,0.74762,R,1.9648
0.32,0.75774,R,1.8796
0.32,0.76786,R,1.7949
0.32,0.77798,R,1.7106
0.32,0.7881,R,1.6267
0.32,0.79821,R,1.5432
0.32,0.80833,R,1.4602
0.32,0.81845,R,1.3777
0.32,0.82857,R,1.2956
0.32,0.83869,R,1.214
0.32,0.84881,R,1.1328
0.32,0.85893,R,1.0522
0.32,0.86905,R,0.97207
0.32,0.87917,R,0.89246
0.32,0.88929,R,0.81338
0.32,0.8994,R,0.73485
0.32,0.90952,R,0.65689
0.32,0.91964,R,0.57952
0.32,0.92976,R,0.50277
0.32,0.93988,R,0.42666
0.32,0.95,R,0.35122
0.33,0.1,NR,8.1445
0.33,0.11012,NR,8.0383
0.33,0.12024,NR,7.9324
0.33,0.13036,NR,7.8267
0.33,0.14048,NR,7.7213
0.33,0.1506,NR,7.6162
0.33,0.16071,NR,7.5113
0.33,0.17083,NR,7.4066
0.33,0.18095,NR,7.3023
0.33,0.19107,NR,7.1982
0.33,0.20119,NR,7.0943
0.33,0.21131,NR,6.9908
0.33,0.22143,NR,6.8875
0.33,0.23155,NR,6.7845
0.33,0.24167,NR,6.6818
0.33,0.25179,NR,6.5793
0.33,0.2619,NR,6.4772
0.33,0.27202,NR,6.3753
0.33,0.28214,NR,6.2738
0.33,0.29226,NR,6.1725
0.33,0.30238,NR,6.0715
0.33,0.3125,NR,5.9708
0.33,0.32262,NR,5.8704
0.33,0.33274,NR,5.7703
0.33,0.34286,NR,5.6705
0.33,0.35298,NR,5.5711
0.33,0.3631,NR,5.4719
0.33,0.37321,NR,5.3731
0.33,0.38333,NR,5.2745
0.33,0.39345,NR,5.1763
0.33,0.40357,NR,5.0784
0.33,0.41369,NR,4.9808
0.33,0.42381,NR,4.8836
0.33,0.43393,NR,4.7866
0.33,0.44405,NR,4.69
0.33,0.45417,NR,4.5938
0.33,0.46429,NR,4.4978
0.33,0.4744,NR,4.4023
0.33,0.48452,NR,4.307
0.33,0.49464,NR,4.2121
0.33,0.50476,NR,4.1175
0.33,0.51488,NR,4.0233
0.33,0.525,NR,3.9295
0.33,0.53512,NR,3.836
0.33,0.54524,NR,3.7428
0.33,0.55536,NR,3.65
0.33,0.56548,NR,3.5576
0.33,0.5756,NR,3.4655
0.33,0.58571,NR,3.3738
0.33,0.59583,NR,3.2825
0.33,0.60595,NR,3.1915
0.33,0.61607,NR,3.101
0.33,0.62619,NR,3.0108
0.33,0.63631,NR,2.9209
0.33,0.64643,NR,2.8315
0.33,0.65655,NR,2.7425
0.33,0.66667,NR,2.6538
0.33,0.67679,NR,2.5655
0.33,0.6869,NR,2.4777
0.33,0.69702,NR,2.3902
0.33,0.70714,NR,2.3031
0.33,0.71726,NR,2.2165
0.33,0.72738,NR,2.1302
0.33,0.7375,NR,2.0444
0.33,0.74762,R,1.959
0.33,0.75774,R,1.874
0.33,0.76786,R,1.7894
0.33,0.77798,R,1.7053
0.33,0.7881,R,1.6216
0.33,0.79821,R,1.5384
0.33,0.80833,R,1.4556
0.33,0.81845,R,1.3733
0.33,0.82857,R,1.2914
0.33,0.83869,R,1.21
0.33,0.84881,R,1.1291
0.33,0.85893,R,1.0487
0.33,0.86905,R,0.96881
0.33,0.87917,R,0.88944
0.33,0.88929,R,0.81061
0.33,0.8994,R,0.73233
0.33,0.90952,R,0.65463
0.33,0.91964,R,0.57752
0.33,0.92976,R,0.50103
0.33,0.93988,R,0.42519
0.33,0.95,R,0.35002
0.34,0.1,NR,8.1268
0.34,0.11012,NR,8.0208
0.34,0.12024,NR,7.9151
0.34,0.13036,NR,7.8097
0.34,0.14048,NR,7.7045
0.34,0.1506,NR,7.5996
0.34,0.16071,NR,7.4949
0.34,0.17083,NR,7.3905
0.34,0.18095,NR,7.2864
0.34,0.19107,NR,7.1825
0.34,0.20119,NR,7.0789
0.34,0.21131,NR,6.9756
0.34,0.22143,NR,6.8725
0.34,0.23155,NR,6.7698
0.34,0.24167,NR,6.6672
0.34,0.25179,NR,6.565
0.34,0.2619,NR,6.4631
0.34,0.27202,NR,6.3614
0.34,0.28214,NR,6.2601
0.34,0.29226,NR,6.159
0.34,0.30238,NR,6.0582
0.34,0.3125,NR,5.9577
0.34,0.32262,NR,5.8575
0.34,0.33274,NR,5.7577
0.34,0.34286,NR,5.6581
0.34,0.35298,NR,5.5588
0.34,0.3631,NR,5.4598
0.34,0.37321,NR,5.3612
0.34,0.38333,NR,5.2628
0.34,0.39345,NR,5.1648
0.34,0.40357,NR,5.0671
0.34,0.41369,NR,4.9697
0.34,0.42381,NR,4.8726
0.34,0.43393,NR,4.7759
0.34,0.44405,NR,4.6794
0.34,0.45417,NR,4.5833
0.34,0.46429,NR,4.4876
0.34,0.4744,NR,4.3922
0.34,0.48452,NR,4.2971
0.34,0.49464,NR,4.2024
0.34,0.50476,NR,4.108
0.34,0.51488,NR,4.0139
0.34,0.525,NR,3.9202
0.34,0.53512,NR,3.8269
0.34,0.54524,NR,3.7339
0.34,0.55536,NR,3.6413
0.34,0.56548,NR,3.549
0.34,0.5756,NR,3.4571
0.34,0.58571,NR,3.3656
0.34,0.59583,NR,3.2744
0.34,0.60595,NR,3.1837
0.34,0.61607,NR,3.0932
0.34,0.62619,NR,3.0032
0.34,0.63631,NR,2.9135
0.34,0.64643,NR,2.8243
0.34,0.65655,NR,2.7354
0.34,0.66667,NR,2.6469
0.34,0.67679,NR,2.5588
0.34,0.6869,NR,2.4711
0.34,0.69702,NR,2.3838
0.34,0.70714,NR,2.2969
0.34,0.71726,NR,2.2105
0.34,0.72738,NR,2.1244
0.34,0.7375,NR,2.0387
0.34,0.74762,R,1.9535
0.34,0.75774,R,1.8687
0.34,0.76786,R,1.7843
0.34,0.77798,R,1.7004
0.34,0.7881,R,1.6169
0.34,0.79821,R,1.5339
0.34,0.80833,R,1.4513
0.34,0.81845,R,1.3692
0.34,0.82857,R,1.2875
0.34,0.83869,R,1.2063
0.34,0.84881,R,1.1257
0.34,0.85893,R,1.0455
0.34,0.86905,R,0.9658
0.34,0.87917,R,0.88666
0.34,0.88929,R,0.80806
0.34,0.8994,R,0.73002
0.34,0.90952,R,0.65255
0.34,0.91964,R,0.57568
0.34,0.92976,R,0.49944
0.34,0.93988,R,0.42384
0.34,0.95,R,0.34892
0.35,0.1,NR,8.1095
0.35,0.11012,NR,8.0038
0.35,0.12024,NR,7.8983
0.35,0.13036,NR,7.7932
0.35,0.14048,NR,7.6882
0.35,0.1506,NR,7.5835
0.35,0.16071,NR,7.4791
0.35,0.17083,NR,7.3749
0.35,0.18095,NR,7.271
0.35,0.19107,NR,7.1673
0.35,0.20119,NR,7.064
0.35,0.21131,NR,6.9609
0.35,0.22143,NR,6.858
0.35,0.23155,NR,6.7555
0.35,0.24167,NR,6.6532
0.35,0.25179,NR,6.5512
0.35,0.2619,NR,6.4494
0.35,0.27202,NR,6.348
0.35,0.28214,NR,6.2468
0.35,0.29226,NR,6.146
0.35,0.30238,NR,6.0454
0.35,0.3125,NR,5.9451
0.35,0.32262,NR,5.8451
0.35,0.33274,NR,5.7454
0.35,0.34286,NR,5.646
0.35,0.35298,NR,5.5469
0.35,0.3631,NR,5.4482
0.35,0.37321,NR,5.3497
0.35,0.38333,NR,5.2515
0.35,0.39345,NR,5.1537
0.35,0.40357,NR,5.0561
0.35,0.41369,NR,4.9589
0.35,0.42381,NR,4.862
0.35,0.43393,NR,4.7655
0.35,0.44405,NR,4.6692
0.35,0.45417,NR,4.5733
0.35,0.46429,NR,4.4777
0.35,0.4744,NR,4.3825
0.35,0.48452,NR,4.2876
0.35,0.49464,NR,4.193
0.35,0.50476,NR,4.0988
0.35,0.51488,NR,4.0049
0.35,0.525,NR,3.9114
0.35,0.53512,NR,3.8182
0.35,0.54524,NR,3.7254
0.35,0.55536,NR,3.633
0.35,0.56548,NR,3.5409
0.35,0.5756,NR,3.4491
0.35,0.58571,NR,3.3578
0.35,0.59583,NR,3.2668
0.35,0.60595,NR,3.1761
0.35,0.61607,NR,3.0859
0.35,0.62619,NR,2.996
0.35,0.63631,NR,2.9065
0.35,0.64643,NR,2.8174
0.35,0.65655,NR,2.7287
0.35,0.66667,NR,2.6404
0.35,0.67679,NR,2.5525
0.35,0.6869,NR,2.4649
0.35,0.69702,NR,2.3778
0.35,0.70714,NR,2.2911
0.35,0.71726,NR,2.2048
0.35,0.72738,NR,2.1189
0.35,0.7375,NR,2.0334
0.35,0.74762,R,1.9484
0.35,0.75774,R,1.8638
0.35,0.76786,R,1.7796
0.35,0.77798,R,1.6958
0.35,0.7881,R,1.6125
0.35,0.79821,R,1.5297
0.35,0.80833,R,1.4473
0.35,0.81845,R,1.3653
0.35,0.82857,R,1.2839
0.35,0.83869,R,1.2029
0.35,0.84881,R,1.1224
0.35,0.85893,R,1.0425
0.35,0.86905,R,0.96301
0.35,0.87917,R,0.88408
0.35,0.88929,R,0.8057
0.35,0.8994,R,0.72787
0.35,0.90952,R,0.65063
0.35,0.91964,R,0.57398
0.35,0.92976,R,0.49797
0.35,0.93988,R,0.4226
0.35,0.95,R,0.34791
0.36,0.1,NR,8.0927
0.36,0.11012,NR,7.9873
0.36,0.12024,NR,7.8821
0.36,0.13036,NR,7.7771
0.36,0.14048,NR,7.6724
0.36,0.1506,NR,7.5679
0.36,0.16071,NR,7.4637
0.36,0.17083,NR,7.3597
0.36,0.18095,NR,7.256
0.36,0.19107,NR,7.1526
0.36,0.20119,NR,7.0494
0.36,0.21131,NR,6.9466
0.36,0.22143,NR,6.8439
0.36,0.23155,NR,6.7416
0.36,0.24167,NR,6.6395
0.36,0.25179,NR,6.5377
0.36,0.2619,NR,6.4362
0.36,0.27202,NR,6.3349
0.36,0.28214,NR,6.234
0.36,0.29226,NR,6.1333
0.36,0.30238,NR,6.0329
0.36,0.3125,NR,5.9328
0.36,0.32262,NR,5.8331
0.36,0.33274,NR,5.7336
0.36,0.34286,NR,5.6344
0.36,0.35298,NR,5.5355
0.36,0.3631,NR,5.4369
0.36,0.37321,NR,5.3386
0.36,0.38333,NR,5.2406
0.36,0.39345,NR,5.1429
0.36,0.40357,NR,5.0456
0.36,0.41369,NR,4.9485
0.36,0.42381,NR,4.8518
0.36,0.43393,NR,4.7554
0.36,0.44405,NR,4.6594
0.36,0.45417,NR,4.5636
0.36,0.46429,NR,4.4682
0.36,0.4744,NR,4.3731
0.36,0.48452,NR,4.2784
0.36,0.49464,NR,4.184
0.36,0.50476,NR,4.09
0.36,0.51488,NR,3.9963
0.36,0.525,NR,3.9029
0.36,0.53512,NR,3.8099
0.36,0.54524,NR,3.7173
0.36,0.55536,NR,3.625
0.36,0.56548,NR,3.533
0.36,0.5756,NR,3.4415
0.36,0.58571,NR,3.3503
0.36,0.59583,NR,3.2594
0.36,0.60595,NR,3.169
0.36,0.61607,NR,3.0789
0.36,0.62619,NR,2.9892
0.36,0.63631,NR,2.8998
0.36,0.64643,NR,2.8109
0.36,0.65655,NR,2.7224
0.36,0.66667,NR,2.6342
0.36,0.67679,NR,2.5464
0.36,0.6869,NR,2.4591
0.36,0.69702,NR,2.3721
0.36,0.70714,NR,2.2856
0.36,0.71726,NR,2.1994
0.36,0.72738,NR,2.1137
0.36,0.7375,NR,2.0284
0.36,0.74762,R,1.9435
0.36,0.75774,R,1.8591
0.36,0.76786,R,1.7751
0.36,0.77798,R,1.6915
0.36,0.7881,R,1.6084
0.36,0.79821,R,1.5257
0.36,0.80833,R,1.4435
0.36,0.81845,R,1.3618
0.36,0.82857,R,1.2805
0.36,0.83869,R,1.1997
0.36,0.84881,R,1.1194
0.36,0.85893,R,1.0397
0.36,0.86905,R,0.96041
0.36,0.87917,R,0.88168
0.36,0.88929,R,0.8035
0.36,0.8994,R,0.72588
0.36,0.90952,R,0.64884
0.36,0.91964,R,0.57241
0.36,0.92976,R,0.4966
0.36,0.93988,R,0.42145
0.36,0.95,R,0.34698
0.37,0.1,NR,8.0764
0.37,0.11012,NR,7.9712
0.37,0.12024,NR,7.8662
0.37,0.13036,NR,7.7615
0.37,0.14048,NR,7.657
0.37,0.1506,NR,7.5527
0.37,0.16071,NR,7.4487
0.37,0.17083,NR,7.345
0.37,0.18095,NR,7.2415
0.37,0.19107,NR,7.1383
0.37,0.20119,NR,7.0353
0.37,0.21131,NR,6.9327
0.37,0.22143,NR,6.8302
0.37,0.23155,NR,6.7281
0.37,0.24167,NR,6.6262
0.37,0.25179,NR,6.5246
0.37,0.2619,NR,6.4233
0.37,0.27202,NR,6.3223
0.37,0.28214,NR,6.2215
0.37,0.29226,NR,6.1211
0.37,0.30238,NR,6.0209
0.37,0.3125,NR,5.921
0.37,0.32262,NR,5.8214
0.37,0.33274,NR,5.7221
0.37,0.34286,NR,5.623
0.37,0.35298,NR,5.5243
0.37,0.3631,NR,5.4259
0.37,0.37321,NR,5.3278
0.37,0.38333,NR,5.23
0.37,0.39345,NR,5.1325
0.37,0.40357,NR,5.0354
0.37,0.41369,NR,4.9385
0.37,0.42381,NR,4.842
0.37,0.43393,NR,4.7458
0.37,0.44405,NR,4.6499
0.37,0.45417,NR,4.5543
0.37,0.46429,NR,4.4591
0.37,0.4744,NR,4.3642
0.37,0.48452,NR,4.2696
0.37,0.49464,NR,4.1754
0.37,0.50476,NR,4.0815
0.37,0.51488,NR,3.9879
0.37,0.525,NR,3.8947
0.37,0.53512,NR,3.8019
0.37,0.54524,NR,3.7094
0.37,0.55536,NR,3.6173
0.37,0.56548,NR,3.5255
0.37,0.5756,NR,3.4341
0.37,0.58571,NR,3.3431
0.37,0.59583,NR,3.2524
0.37,0.60595,NR,3.1621
0.37,0.61607,NR,3.0722
0.37,0.62619,NR,2.9826
0.37,0.63631,NR,2.8935
0.37,0.64643,NR,2.8047
0.37,0.65655,NR,2.7163
0.37,0.66667,NR,2.6283
0.37,0.67679,NR,2.5407
0.37,0.6869,NR,2.4535
0.37,0.69702,NR,2.3667
0.37,0.70714,NR,2.2803
0.37,0.71726,NR,2.1944
0.37,0.72738,NR,2.1088
0.37,0.7375,NR,2.0237
0.37,0.74762,R,1.939
0.37,0.75774,R,1.8547
0.37,0.76786,R,1.7709
0.37,0.77798,R,1.6875
0.37,0.7881,R,1.6045
0.37,0.79821,R,1.522
0.37,0.80833,R,1.44
0.37,0.81845,R,1.3584
0.37,0.82857,R,1.2773
0.37,0.83869,R,1.1967
0.37,0.84881,R,1.1166
0.37,0.85893,R,1.037
0.37,0.86905,R,0.95798
0.37,0.87917,R,0.87944
0.37,0.88929,R,0.80145
0.37,0.8994,R,0.72402
0.37,0.90952,R,0.64718
0.37,0.91964,R,0.57094
0.37,0.92976,R,0.49534
0.37,0.93988,R,0.42038
0.37,0.95,R,0.34611
0.38,0.1,NR,8.0606
0.38,0.11012,NR,7.9556
0.38,0.12024,NR,7.8508
0.38,0.13036,NR,7.7463
0.38,0.14048,NR,7.642
0.38,0.1506,NR,7.5379
0.38,0.16071,NR,7.4342
0.38,0.17083,NR,7.3307
0.38,0.18095,NR,7.2274
0.38,0.19107,NR,7.1244
0.38,0.20119,NR,7.0216
0.38,0.21131,NR,6.9192
0.38,0.22143,NR,6.817
0.38,0.23155,NR,6.715
0.38,0.24167,NR,6.6133
0.38,0.25179,NR,6.5119
0.38,0.2619,NR,6.4108
0.38,0.27202,NR,6.31
0.38,0.28214,NR,6.2094
0.38,0.29226,NR,6.1091
0.38,0.30238,NR,6.0091
0.38,0.3125,NR,5.9094
0.38,0.32262,NR,5.81
0.38,0.33274,NR,5.7109
0.38,0.34286,NR,5.6121
0.38,0.35298,NR,5.5135
0.38,0.3631,NR,5.4153
0.38,0.37321,NR,5.3174
0.38,0.38333,NR,5.2198
0.38,0.39345,NR,5.1225
0.38,0.40357,NR,5.0255
0.38,0.41369,NR,4.9288
0.38,0.42381,NR,4.8324
0.38,0.43393,NR,4.7364
0.38,0.44405,NR,4.6407
0.38,0.45417,NR,4.5453
0.38,0.46429,NR,4.4502
0.38,0.4744,NR,4.3555
0.38,0.48452,NR,4.2611
0.38,0.49464,NR,4.167
0.38,0.50476,NR,4.0733
0.38,0.51488,NR,3.9799
0.38,0.525,NR,3.8869
0.38,0.53512,NR,3.7942
0.38,0.54524,NR,3.7019
0.38,0.55536,NR,3.6099
0.38,0.56548,NR,3.5183
0.38,0.5756,NR,3.4271
0.38,0.58571,NR,3.3362
0.38,0.59583,NR,3.2457
0.38,0.60595,NR,3.1555
0.38,0.61607,NR,3.0658
0.38,0.62619,NR,2.9764
0.38,0.63631,NR,2.8874
0.38,0.64643,NR,2.7987
0.38,0.65655,NR,2.7105
0.38,0.66667,NR,2.6227
0.38,0.67679,NR,2.5352
0.38,0.6869,NR,2.4482
0.38,0.69702,NR,2.3616
0.38,0.70714,NR,2.2753
0.38,0.71726,NR,2.1895
0.38,0.72738,NR,2.1041
0.38,0.7375,NR,2.0192
0.38,0.74762,R,1.9346
0.38,0.75774,R,1.8505
0.38,0.76786,R,1.7668
0.38,0.77798,R,1.6836
0.38,0.7881,R,1.6008
0.38,0.79821,R,1.5185
0.38,0.80833,R,1.4366
0.38,0.81845,R,1.3553
0.38,0.82857,R,1.2743
0.38,0.83869,R,1.1939
0.38,0.84881,R,1.114
0.38,0.85893,R,1.0346
0.38,0.86905,R,0.95569
0.38,0.87917,R,0.87733
0.38,0.88929,R,0.79952
0.38,0.8994,R,0.72228
0.38,0.90952,R,0.64563
0.38,0.91964,R,0.56958
0.38,0.92976,R,0.49415
0.38,0.93988,R,0.41939
0.38,0.95,R,0.3453
0.39,0.1,NR,8.0452
0.39,0.11012,NR,7.9404
0.39,0.12024,NR,7.8358
0.39,0.13036,NR,7.7315
0.39,0.14048,NR,7.6274
0.39,0.1506,NR,7.5236
0.39,0.16071,NR,7.42
0.39,0.17083,NR,7.3167
0.39,0.18095,NR,7.2136
0.39,0.19107,NR,7.1108
0.39,0.20119,NR,7.0083
0.39,0.21131,NR,6.906
0.39,0.22143,NR,6.804
0.39,0.23155,NR,6.7023
0.39,0.24167,NR,6.6008
0.39,0.25179,NR,6.4996
0.39,0.2619,NR,6.3986
0.39,0.27202,NR,6.298
0.39,0.28214,NR,6.1976
0.39,0.29226,NR,6.0975
0.39,0.30238,NR,5.9977
0.39,0.3125,NR,5.8982
0.39,0.32262,NR,5.799
0.39,0.33274,NR,5.7001
0.39,0.34286,NR,5.6014
0.39,0.35298,NR,5.5031
0.39,0.3631,NR,5.405
0.39,0.37321,NR,5.3073
0.39,0.38333,NR,5.2098
0.39,0.39345,NR,5.1127
0.39,0.40357,NR,5.0159
0.39,0.41369,NR,4.9194
0.39,0.42381,NR,4.8232
0.39,0.43393,NR,4.7273
0.39,0.44405,NR,4.6318
0.39,0.45417,NR,4.5365
0.39,0.46429,NR,4.4416
0.39,0.4744,NR,4.3471
0.39,0.48452,NR,4.2528
0.39,0.49464,NR,4.1589
0.39,0.50476,NR,4.0654
0.39,0.51488,NR,3.9722
0.39,0.525,NR,3.8793
0.39,0.53512,NR,3.7868
0.39,0.54524,NR,3.6946
0.39,0.55536,NR,3.6028
0.39,0.56548,NR,3.5114
0.39,0.5756,NR,3.4203
0.39,0.58571,NR,3.3295
0.39,0.59583,NR,3.2392
0.39,0.60595,NR,3.1492
0.39,0.61607,NR,3.0596
0.39,0.62619,NR,2.9704
0.39,0.63631,NR,2.8815
0.39,0.64643,NR,2.793
0.39,0.65655,NR,2.705
0.39,0.66667,NR,2.6173
0.39,0.67679,NR,2.53
0.39,0.6869,NR,2.4431
0.39,0.69702,NR,2.3567
0.39,0.70714,NR,2.2706
0.39,0.71726,NR,2.1849
0.39,0.72738,NR,2.0997
0.39,0.7375,NR,2.0149
0.39,0.74762,R,1.9305
0.39,0.75774,R,1.8465
0.39,0.76786,R,1.763
0.39,0.77798,R,1.68
0.39,0.7881,R,1.5973
0.39,0.79821,R,1.5152
0.39,0.80833,R,1.4335
0.39,0.81845,R,1.3523
0.39,0.82857,R,1.2715
0.39,0.83869,R,1.1913
0.39,0.84881,R,1.1115
0.39,0.85893,R,1.0323
0.39,0.86905,R,0.95353
0.39,0.87917,R,0.87535
0.39,0.88929,R,0.79771
0.39,0.8994,R,0.72065
0.39,0.90952,R,0.64416
0.39,0.91964,R,0.56829
0.39,0.92976,R,0.49305
0.39,0.93988,R,0.41846
0.39,0.95,R,0.34455
0.4,0.1,NR,8.0301
0.4,0.11012,NR,7.9255
0.4,0.12024,NR,7.8211
0.4,0.13036,NR,7.7171
0.4,0.14048,NR,7.6132
0.4,0.1506,NR,7.5096
0.4,0.16071,NR,7.4062
0.4,0.17083,NR,7.3031
0.4,0.18095,NR,7.2002
0.4,0.19107,NR,7.0976
0.4,0.20119,NR,6.9953
0.4,0.21131,NR,6.8932
0.4,0.22143,NR,6.7914
0.4,0.23155,NR,6.6898
0.4,0.24167,NR,6.5886
0.4,0.25179,NR,6.4875
0.4,0.2619,NR,6.3868
0.4,0.27202,NR,6.2864
0.4,0.28214,NR,6.1862
0.4,0.29226,NR,6.0863
0.4,0.30238,NR,5.9867
0.4,0.3125,NR,5.8873
0.4,0.32262,NR,5.7883
0.4,0.33274,NR,5.6895
0.4,0.34286,NR,5.5911
0.4,0.35298,NR,5.4929
0.4,0.3631,NR,5.395
0.4,0.37321,NR,5.2975
0.4,0.38333,NR,5.2002
0.4,0.39345,NR,5.1032
0.4,0.40357,NR,5.0066
0.4,0.41369,NR,4.9102
0.4,0.42381,NR,4.8142
0.4,0.43393,NR,4.7185
0.4,0.44405,NR,4.6231
0.4,0.45417,NR,4.5281
0.4,0.46429,NR,4.4333
0.4,0.4744,NR,4.3389
0.4,0.48452,NR,4.2449
0.4,0.49464,NR,4.1511
0.4,0.50476,NR,4.0577
0.4,0.51488,NR,3.9647
0.4,0.525,NR,3.872
0.4,0.53512,NR,3.7796
0.4,0.54524,NR,3.6876
0.4,0.55536,NR,3.596
0.4,0.56548,NR,3.5047
0.4,0.5756,NR,3.4137
0.4,0.58571,NR,3.3231
0.4,0.59583,NR,3.2329
0.4,0.60595,NR,3.1431
0.4,0.61607,NR,3.0537
0.4,0.62619,NR,2.9646
0.4,0.63631,NR,2.8759
0.4,0.64643,NR,2.7876
0.4,0.65655,NR,2.6997
0.4,0.66667,NR,2.6121
0.4,0.67679,NR,2.525
0.4,0.6869,NR,2.4383
0.4,0.69702,NR,2.3519
0.4,0.70714,NR,2.266
0.4,0.71726,NR,2.1805
0.4,0.72738,NR,2.0954
0.4,0.7375,NR,2.0108
0.4,0.74762,R,1.9266
0.4,0.75774,R,1.8428
0.4,0.76786,R,1.7594
0.4,0.77798,R,1.6765
0.4,0.7881,R,1.594
0.4,0.79821,R,1.512
0.4,0.80833,R,1.4305
0.4,0.81845,R,1.3494
0.4,0.82857,R,1.2688
0.4,0.83869,R,1.1887
0.4,0.84881,R,1.1091
0.4,0.85893,R,1.0301
0.4,0.86905,R,0.9515
0.4,0.87917,R,0.87347
0.4,0.88929,R,0.79601
0.4,0.8994,R,0.71911
0.4,0.90952,R,0.64279
0.4,0.91964,R,0.56708
0.4,0.92976,R,0.492
0.4,0.93988,R,0.41758
0.4,0.95,R,0.34384
0.41,0.1,NR,8.0155
0.41,0.11012,NR,7.9111
0.41,0.12024,NR,7.8069
0.41,0.13036,NR,7.703
0.41,0.14048,NR,7.5993
0.41,0.1506,NR,7.4959
0.41,0.16071,NR,7.3927
0.41,0.17083,NR,7.2898
0.41,0.18095,NR,7.1872
0.41,0.19107,NR,7.0848
0.41,0.20119,NR,6.9826
0.41,0.21131,NR,6.8807
0.41,0.22143,NR,6.7791
0.41,0.23155,NR,6.6777
0.41,0.24167,NR,6.5767
0.41,0.25179,NR,6.4758
0.41,0.2619,NR,6.3753
0.41,0.27202,NR,6.275
0.41,0.28214,NR,6.175
0.41,0.29226,NR,6.0753
0.41,0.30238,NR,5.9759
0.41,0.3125,NR,5.8767
0.41,0.32262,NR,5.7778
0.41,0.33274,NR,5.6793
0.41,0.34286,NR,5.581
0.41,0.35298,NR,5.483
0.41,0.3631,NR,5.3853
0.41,0.37321,NR,5.2879
0.41,0.38333,NR,5.1908
0.41,0.39345,NR,5.094
0.41,0.40357,NR,4.9975
0.41,0.41369,NR,4.9014
0.41,0.42381,NR,4.8055
0.41,0.43393,NR,4.71
0.41,0.44405,NR,4.6148
0.41,0.45417,NR,4.5199
0.41,0.46429,NR,4.4253
0.41,0.4744,NR,4.331
0.41,0.48452,NR,4.2371
0.41,0.49464,NR,4.1436
0.41,0.50476,NR,4.0503
0.41,0.51488,NR,3.9574
0.41,0.525,NR,3.8649
0.41,0.53512,NR,3.7727
0.41,0.54524,NR,3.6808
0.41,0.55536,NR,3.5893
0.41,0.56548,NR,3.4982
0.41,0.5756,NR,3.4074
0.41,0.58571,NR,3.317
0.41,0.59583,NR,3.2269
0.41,0.60595,NR,3.1373
0.41,0.61607,NR,3.0479
0.41,0.62619,NR,2.959
0.41,0.63631,NR,2.8705
0.41,0.64643,NR,2.7823
0.41,0.65655,NR,2.6945
0.41,0.66667,NR,2.6072
0.41,0.67679,NR,2.5202
0.41,0.6869,NR,2.4336
0.41,0.69702,NR,2.3474
0.41,0.70714,NR,2.2617
0.41,0.71726,NR,2.1763
0.41,0.72738,NR,2.0914
0.41,0.7375,NR,2.0069
0.41,0.74762,R,1.9228
0.41,0.75774,R,1.8391
0.41,0.76786,R,1.7559
0.41,0.77798,R,1.6732
0.41,0.7881,R,1.5909
0.41,0.79821,R,1.509
0.41,0.80833,R,1.4276
0.41,0.81845,R,1.3467
0.41,0.82857,R,1.2663
0.41,0.83869,R,1.1863
0.41,0.84881,R,1.1069
0.41,0.85893,R,1.028
0.41,0.86905,R,0.94957
0.41,0.87917,R,0.8717
0.41,0.88929,R,0.79439
0.41,0.8994,R,0.71765
0.41,0.90952,R,0.64149
0.41,0.91964,R,0.56594
0.41,0.92976,R,0.49102
0.41,0.93988,R,0.41675
0.41,0.95,R,0.34317
0.42,0.1,NR,8.0011
0.42,0.11012,NR,7.8969
0.42,0.12024,NR,7.793
0.42,0.13036,NR,7.6893
0.42,0.14048,NR,7.5858
0.42,0.1506,NR,7.4826
0.42,0.16071,NR,7.3796
0.42,0.17083,NR,7.2769
0.42,0.18095,NR,7.1744
0.42,0.19107,NR,7.0722
0.42,0.20119,NR,6.9703
0.42,0.21131,NR,6.8686
0.42,0.22143,NR,6.7671
0.42,0.23155,NR,6.666
0.42,0.24167,NR,6.5651
0.42,0.25179,NR,6.4644
0.42,0.2619,NR,6.3641
0.42,0.27202,NR,6.264
0.42,0.28214,NR,6.1641
0.42,0.29226,NR,6.0646
0.42,0.30238,NR,5.9654
0.42,0.3125,NR,5.8664
0.42,0.32262,NR,5.7677
0.42,0.33274,NR,5.6693
0.42,0.34286,NR,5.5712
0.42,0.35298,NR,5.4734
0.42,0.3631,NR,5.3758
0.42,0.37321,NR,5.2786
0.42,0.38333,NR,5.1817
0.42,0.39345,NR,5.0851
0.42,0.40357,NR,4.9888
0.42,0.41369,NR,4.8927
0.42,0.42381,NR,4.7971
0.42,0.43393,NR,4.7017
0.42,0.44405,NR,4.6066
0.42,0.45417,NR,4.5119
0.42,0.46429,NR,4.4175
0.42,0.4744,NR,4.3234
0.42,0.48452,NR,4.2296
0.42,0.49464,NR,4.1362
0.42,0.50476,NR,4.0431
0.42,0.51488,NR,3.9504
0.42,0.525,NR,3.858
0.42,0.53512,NR,3.766
0.42,0.54524,NR,3.6742
0.42,0.55536,NR,3.5829
0.42,0.56548,NR,3.4919
0.42,0.5756,NR,3.4013
0.42,0.58571,NR,3.311
0.42,0.59583,NR,3.2211
0.42,0.60595,NR,3.1316
0.42,0.61607,NR,3.0424
0.42,0.62619,NR,2.9536
0.42,0.63631,NR,2.8653
0.42,0.64643,NR,2.7772
0.42,0.65655,NR,2.6896
0.42,0.66667,NR,2.6024
0.42,0.67679,NR,2.5156
0.42,0.6869,NR,2.4291
0.42,0.69702,NR,2.3431
0.42,0.70714,NR,2.2575
0.42,0.71726,NR,2.1723
0.42,0.72738,NR,2.0875
0.42,0.7375,NR,2.0031
0.42,0.74762,R,1.9192
0.42,0.75774,R,1.8357
0.42,0.76786,R,1.7526
0.42,0.77798,R,1.67
0.42,0.7881,R,1.5878
0.42,0.79821,R,1.5061
0.42,0.80833,R,1.4249
0.42,0.81845,R,1.3441
0.42,0.82857,R,1.2638
0.42,0.83869,R,1.1841
0.42,0.84881,R,1.1048
0.42,0.85893,R,1.026
0.42,0.86905,R,0.94773
0.42,0.87917,R,0.87002
0.42,0.88929,R,0.79286
0.42,0.8994,R,0.71626
0.42,0.90952,R,0.64026
0.42,0.91964,R,0.56486
0.42,0.92976,R,0.49009
0.42,0.93988,R,0.41597
0.42,0.95,R,0.34254
0.43,0.1,NR,7.9872
0.43,0.11012,NR,7.8832
0.43,0.12024,NR,7.7794
0.43,0.13036,NR,7.6759
0.43,0.14048,NR,7.5726
0.43,0.1506,NR,7.4696
0.43,0.16071,NR,7.3668
0.43,0.17083,NR,7.2643
0.43,0.18095,NR,7.162
0.43,0.19107,NR,7.06
0.43,0.20119,NR,6.9582
0.43,0.21131,NR,6.8567
0.43,0.22143,NR,6.7554
0.43,0.23155,NR,6.6545
0.43,0.24167,NR,6.5537
0.43,0.25179,NR,6.4533
0.43,0.2619,NR,6.3531
0.43,0.27202,NR,6.2532
0.43,0.28214,NR,6.1535
0.43,0.29226,NR,6.0542
0.43,0.30238,NR,5.9551
0.43,0.3125,NR,5.8563
0.43,0.32262,NR,5.7578
0.43,0.33274,NR,5.6596
0.43,0.34286,NR,5.5616
0.43,0.35298,NR,5.464
0.43,0.3631,NR,5.3666
0.43,0.37321,NR,5.2696
0.43,0.38333,NR,5.1728
0.43,0.39345,NR,5.0763
0.43,0.40357,NR,4.9802
0.43,0.41369,NR,4.8843
0.43,0.42381,NR,4.7888
0.43,0.43393,NR,4.6936
0.43,0.44405,NR,4.5987
0.43,0.45417,NR,4.5041
0.43,0.46429,NR,4.4099
0.43,0.4744,NR,4.316
0.43,0.48452,NR,4.2224
0.43,0.49464,NR,4.1291
0.43,0.50476,NR,4.0362
0.43,0.51488,NR,3.9436
0.43,0.525,NR,3.8513
0.43,0.53512,NR,3.7594
0.43,0.54524,NR,3.6679
0.43,0.55536,NR,3.5767
0.43,0.56548,NR,3.4858
0.43,0.5756,NR,3.3954
0.43,0.58571,NR,3.3052
0.43,0.59583,NR,3.2155
0.43,0.60595,NR,3.1261
0.43,0.61607,NR,3.0371
0.43,0.62619,NR,2.9485
0.43,0.63631,NR,2.8602
0.43,0.64643,NR,2.7723
0.43,0.65655,NR,2.6849
0.43,0.66667,NR,2.5978
0.43,0.67679,NR,2.5111
0.43,0.6869,NR,2.4248
0.43,0.69702,NR,2.3389
0.43,0.70714,NR,2.2534
0.43,0.71726,NR,2.1684
0.43,0.72738,NR,2.0837
0.43,0.7375,R,1.9995
0.43,0.74762,R,1.9157
0.43,0.75774,R,1.8323
0.43,0.76786,R,1.7494
0.43,0.77798,R,1.667
0.43,0.7881,R,1.5849
0.43,0.79821,R,1.5034
0.43,0.80833,R,1.4223
0.43,0.81845,R,1.3417
0.43,0.82857,R,1.2615
0.43,0.83869,R,1.1819
0.43,0.84881,R,1.1027
0.43,0.85893,R,1.0241
0.43,0.86905,R,0.94598
0.43,0.87917,R,0.86842
0.43,0.88929,R,0.7914
0.43,0.8994,R,0.71495
0.43,0.90952,R,0.63909
0.43,0.91964,R,0.56383
0.43,0.92976,R,0.4892
0.43,0.93988,R,0.41523
0.43,0.95,R,0.34194
0.44,0.1,NR,7.9735
0.44,0.11012,NR,7.8697
0.44,0.12024,NR,7.7662
0.44,0.13036,NR,7.6628
0.44,0.14048,NR,7.5597
0.44,0.1506,NR,7.4569
0.44,0.16071,NR,7.3543
0.44,0.17083,NR,7.252
0.44,0.18095,NR,7.1499
0.44,0.19107,NR,7.048
0.44,0.20119,NR,6.9464
0.44,0.21131,NR,6.8451
0.44,0.22143,NR,6.744
0.44,0.23155,NR,6.6432
0.44,0.24167,NR,6.5427
0.44,0.25179,NR,6.4424
0.44,0.2619,NR,6.3424
0.44,0.27202,NR,6.2427
0.44,0.28214,NR,6.1432
0.44,0.29226,NR,6.044
0.44,0.30238,NR,5.9451
0.44,0.3125,NR,5.8465
0.44,0.32262,NR,5.7481
0.44,0.33274,NR,5.6501
0.44,0.34286,NR,5.5523
0.44,0.35298,NR,5.4548
0.44,0.3631,NR,5.3576
0.44,0.37321,NR,5.2607
0.44,0.38333,NR,5.1641
0.44,0.39345,NR,5.0678
0.44,0.40357,NR,4.9719
0.44,0.41369,NR,4.8762
0.44,0.42381,NR,4.7808
0.44,0.43393,NR,4.6857
0.44,0.44405,NR,4.591
0.44,0.45417,NR,4.4966
0.44,0.46429,NR,4.4025
0.44,0.4744,NR,4.3087
0.44,0.48452,NR,4.2153
0.44,0.49464,NR,4.1222
0.44,0.50476,NR,4.0294
0.44,0.51488,NR,3.937
0.44,0.525,NR,3.8449
0.44,0.53512,NR,3.7531
0.44,0.54524,NR,3.6617
0.44,0.55536,NR,3.5707
0.44,0.56548,NR,3.48
0.44,0.5756,NR,3.3896
0.44,0.58571,NR,3.2997
0.44,0.59583,NR,3.21
0.44,0.60595,NR,3.1208
0.44,0.61607,NR,3.0319
0.44,0.62619,NR,2.9434
0.44,0.63631,NR,2.8553
0.44,0.64643,NR,2.7676
0.44,0.65655,NR,2.6803
0.44,0.66667,NR,2.5933
0.44,0.67679,NR,2.5068
0.44,0.6869,NR,2.4206
0.44,0.69702,NR,2.3349
0.44,0.70714,NR,2.2495
0.44,0.71726,NR,2.1646
0.44,0.72738,NR,2.0801
0.44,0.7375,R,1.996
0.44,0.74762,R,1.9124
0.44,0.75774,R,1.8292
0.44,0.76786,R,1.7464
0.44,0.77798,R,1.664
0.44,0.7881,R,1.5822
0.44,0.79821,R,1.5007
0.44,0.80833,R,1.4198
0.44,0.81845,R,1.3393
0.44,0.82857,R,1.2593
0.44,0.83869,R,1.1798
0.44,0.84881,R,1.1008
0.44,0.85893,R,1.0223
0.44,0.86905,R,0.94432
0.44,0.87917,R,0.86688
0.44,0.88929,R,0.79001
0.44,0.8994,R,0.7137
0.44,0.90952,R,0.63797
0.44,0.91964,R,0.56285
0.44,0.92976,R,0.48836
0.44,0.93988,R,0.41453
0.44,0.95,R,0.34137
0.45,0.1,NR,7.9602
0.45,0.11012,NR,7.8566
0.45,0.12024,NR,7.7532
0.45,0.13036,NR,7.65
0.45,0.14048,NR,7.5472
0.45,0.1506,NR,7.4445
0.45,0.16071,NR,7.3421
0.45,0.17083,NR,7.2399
0.45,0.18095,NR,7.138
0.45,0.19107,NR,7.0363
0.45,0.20119,NR,6.9349
0.45,0.21131,NR,6.8338
0.45,0.22143,NR,6.7329
0.45,0.23155,NR,6.6323
0.45,0.24167,NR,6.5319
0.45,0.25179,NR,6.4318
0.45,0.2619,NR,6.3319
0.45,0.27202,NR,6.2324
0.45,0.28214,NR,6.1331
0.45,0.29226,NR,6.0341
0.45,0.30238,NR,5.9353
0.45,0.3125,NR,5.8369
0.45,0.32262,NR,5.7387
0.45,0.33274,NR,5.6408
0.45,0.34286,NR,5.5432
0.45,0.35298,NR,5.4459
0.45,0.3631,NR,5.3488
0.45,0.37321,NR,5.2521
0.45,0.38333,NR,5.1557
0.45,0.39345,NR,5.0596
0.45,0.40357,NR,4.9637
0.45,0.41369,NR,4.8682
0.45,0.42381,NR,4.773
0.45,0.43393,NR,4.6781
0.45,0.44405,NR,4.5835
0.45,0.45417,NR,4.4892
0.45,0.46429,NR,4.3953
0.45,0.4744,NR,4.3017
0.45,0.48452,NR,4.2084
0.45,0.49464,NR,4.1154
0.45,0.50476,NR,4.0228
0.45,0.51488,NR,3.9305
0.45,0.525,NR,3.8386
0.45,0.53512,NR,3.747
0.45,0.54524,NR,3.6557
0.45,0.55536,NR,3.5648
0.45,0.56548,NR,3.4743
0.45,0.5756,NR,3.3841
0.45,0.58571,NR,3.2942
0.45,0.59583,NR,3.2048
0.45,0.60595,NR,3.1157
0.45,0.61607,NR,3.0269
0.45,0.62619,NR,2.9386
0.45,0.63631,NR,2.8506
0.45,0.64643,NR,2.763
0.45,0.65655,NR,2.6758
0.45,0.66667,NR,2.589
0.45,0.67679,NR,2.5026
0.45,0.6869,NR,2.4166
0.45,0.69702,NR,2.331
0.45,0.70714,NR,2.2458
0.45,0.71726,NR,2.161
0.45,0.72738,NR,2.0766
0.45,0.7375,R,1.9927
0.45,0.74762,R,1.9092
0.45,0.75774,R,1.8261
0.45,0.76786,R,1.7434
0.45,0.77798,R,1.6612
0.45,0.7881,R,1.5795
0.45,0.79821,R,1.4982
0.45,0.80833,R,1.4174
0.45,0.81845,R,1.337
0.45,0.82857,R,1.2572
0.45,0.83869,R,1.1778
0.45,0.84881,R,1.0989
0.45,0.85893,R,1.0206
0.45,0.86905,R,0.94272
0.45,0.87917,R,0.86542
0.45,0.88929,R,0.78868
0.45,0.8994,R,0.7125
0.45,0.90952,R,0.63691
0.45,0.91964,R,0.56192
0.45,0.92976,R,0.48756
0.45,0.93988,R,0.41386
0.45,0.95,R,0.34083
0.46,0.1,NR,7.9472
0.46,0.11012,NR,7.8437
0.46,0.12024,NR,7.7405
0.46,0.13036,NR,7.6376
0.46,0.14048,NR,7.5348
0.46,0.1506,NR,7.4324
0.46,0.16071,NR,7.3301
0.46,0.17083,NR,7.2281
0.46,0.18095,NR,7.1264
0.46,0.19107,NR,7.0249
0.46,0.20119,NR,6.9237
0.46,0.21131,NR,6.8227
0.46,0.22143,NR,6.722
0.46,0.23155,NR,6.6215
0.46,0.24167,NR,6.5213
0.46,0.25179,NR,6.4214
0.46,0.2619,NR,6.3217
0.46,0.27202,NR,6.2224
0.46,0.28214,NR,6.1232
0.46,0.29226,NR,6.0244
0.46,0.30238,NR,5.9258
0.46,0.3125,NR,5.8275
0.46,0.32262,NR,5.7295
0.46,0.33274,NR,5.6318
0.46,0.34286,NR,5.5343
0.46,0.35298,NR,5.4371
0.46,0.3631,NR,5.3403
0.46,0.37321,NR,5.2437
0.46,0.38333,NR,5.1474
0.46,0.39345,NR,5.0515
0.46,0.40357,NR,4.9558
0.46,0.41369,NR,4.8604
0.46,0.42381,NR,4.7654
0.46,0.43393,NR,4.6706
0.46,0.44405,NR,4.5762
0.46,0.45417,NR,4.4821
0.46,0.46429,NR,4.3883
0.46,0.4744,NR,4.2948
0.46,0.48452,NR,4.2017
0.46,0.49464,NR,4.1089
0.46,0.50476,NR,4.0164
0.46,0.51488,NR,3.9242
0.46,0.525,NR,3.8324
0.46,0.53512,NR,3.741
0.46,0.54524,NR,3.6499
0.46,0.55536,NR,3.5591
0.46,0.56548,NR,3.4687
0.46,0.5756,NR,3.3787
0.46,0.58571,NR,3.289
0.46,0.59583,NR,3.1996
0.46,0.60595,NR,3.1107
0.46,0.61607,NR,3.0221
0.46,0.62619,NR,2.9339
0.46,0.63631,NR,2.846
0.46,0.64643,NR,2.7586
0.46,0.65655,NR,2.6715
0.46,0.66667,NR,2.5849
0.46,0.67679,NR,2.4986
0.46,0.6869,NR,2.4127
0.46,0.69702,NR,2.3272
0.46,0.70714,NR,2.2421
0.46,0.71726,NR,2.1575
0.46,0.72738,NR,2.0733
0.46,0.7375,R,1.9894
0.46,0.74762,R,1.9061
0.46,0.75774,R,1.8231
0.46,0.76786,R,1.7406
0.46,0.77798,R,1.6585
0.46,0.7881,R,1.5769
0.46,0.79821,R,1.4958
0.46,0.80833,R,1.4151
0.46,0.81845,R,1.3348
0.46,0.82857,R,1.2551
0.46,0.83869,R,1.1759
0.46,0.84881,R,1.0971
0.46,0.85893,R,1.0189
0.46,0.86905,R,0.94119
0.46,0.87917,R,0.86402
0.46,0.88929,R,0.7874
0.46,0.8994,R,0.71135
0.46,0.90952,R,0.63589
0.46,0.91964,R,0.56103
0.46,0.92976,R,0.4868
0.46,0.93988,R,0.41322
0.46,0.95,R,0.34031
0.47,0.1,NR,7.9344
0.47,0.11012,NR,7.8312
0.47,0.12024,NR,7.7281
0.47,0.13036,NR,7.6254
0.47,0.14048,NR,7.5228
0.47,0.1506,NR,7.4205
0.47,0.16071,NR,7.3184
0.47,0.17083,NR,7.2166
0.47,0.18095,NR,7.1151
0.47,0.19107,NR,7.0138
0.47,0.20119,NR,6.9127
0.47,0.21131,NR,6.8119
0.47,0.22143,NR,6.7113
0.47,0.23155,NR,6.6111
0.47,0.24167,NR,6.511
0.47,0.25179,NR,6.4113
0.47,0.2619,NR,6.3118
0.47,0.27202,NR,6.2125
0.47,0.28214,NR,6.1136
0.47,0.29226,NR,6.0149
0.47,0.30238,NR,5.9165
0.47,0.3125,NR,5.8183
0.47,0.32262,NR,5.7205
0.47,0.33274,NR,5.6229
0.47,0.34286,NR,5.5256
0.47,0.35298,NR,5.4286
0.47,0.3631,NR,5.3319
0.47,0.37321,NR,5.2355
0.47,0.38333,NR,5.1394
0.47,0.39345,NR,5.0436
0.47,0.40357,NR,4.9481
0.47,0.41369,NR,4.8528
0.47,0.42381,NR,4.7579
0.47,0.43393,NR,4.6633
0.47,0.44405,NR,4.5691
0.47,0.45417,NR,4.4751
0.47,0.46429,NR,4.3815
0.47,0.4744,NR,4.2881
0.47,0.48452,NR,4.1951
0.47,0.49464,NR,4.1025
0.47,0.50476,NR,4.0101
0.47,0.51488,NR,3.9181
0.47,0.525,NR,3.8265
0.47,0.53512,NR,3.7352
0.47,0.54524,NR,3.6442
0.47,0.55536,NR,3.5536
0.47,0.56548,NR,3.4633
0.47,0.5756,NR,3.3734
0.47,0.58571,NR,3.2838
0.47,0.59583,NR,3.1946
0.47,0.60595,NR,3.1058
0.47,0.61607,NR,3.0174
0.47,0.62619,NR,2.9293
0.47,0.63631,NR,2.8416
0.47,0.64643,NR,2.7543
0.47,0.65655,NR,2.6673
0.47,0.66667,NR,2.5808
0.47,0.67679,NR,2.4947
0.47,0.6869,NR,2.4089
0.47,0.69702,NR,2.3236
0.47,0.70714,NR,2.2386
0.47,0.71726,NR,2.1541
0.47,0.72738,NR,2.07
0.47,0.7375,R,1.9863
0.47,0.74762,R,1.9031
0.47,0.75774,R,1.8202
0.47,0.76786,R,1.7379
0.47,0.77798,R,1.6559
0.47,0.7881,R,1.5744
0.47,0.79821,R,1.4934
0.47,0.80833,R,1.4128
0.47,0.81845,R,1.3327
0.47,0.82857,R,1.2531
0.47,0.83869,R,1.174
0.47,0.84881,R,1.0954
0.47,0.85893,R,1.0173
0.47,0.86905,R,0.93972
0.47,0.87917,R,0.86267
0.47,0.88929,R,0.78618
0.47,0.8994,R,0.71025
0.47,0.90952,R,0.63491
0.47,0.91964,R,0.56018
0.47,0.92976,R,0.48606
0.47,0.93988,R,0.4126
0.47,0.95,R,0.33982
0.48,0.1,NR,7.9219
0.48,0.11012,NR,7.8189
0.48,0.12024,NR,7.716
0.48,0.13036,NR,7.6134
0.48,0.14048,NR,7.511
0.48,0.1506,NR,7.4089
0.48,0.16071,NR,7.307
0.48,0.17083,NR,7.2054
0.48,0.18095,NR,7.104
0.48,0.19107,NR,7.0028
0.48,0.20119,NR,6.9019
0.48,0.21131,NR,6.8013
0.48,0.22143,NR,6.7009
0.48,0.23155,NR,6.6008
0.48,0.24167,NR,6.5009
0.48,0.25179,NR,6.4013
0.48,0.2619,NR,6.302
0.48,0.27202,NR,6.2029
0.48,0.28214,NR,6.1041
0.48,0.29226,NR,6.0056
0.48,0.30238,NR,5.9074
0.48,0.3125,NR,5.8094
0.48,0.32262,NR,5.7117
0.48,0.33274,NR,5.6143
0.48,0.34286,NR,5.5172
0.48,0.35298,NR,5.4203
0.48,0.3631,NR,5.3238
0.48,0.37321,NR,5.2275
0.48,0.38333,NR,5.1315
0.48,0.39345,NR,5.0359
0.48,0.40357,NR,4.9405
0.48,0.41369,NR,4.8454
0.48,0.42381,NR,4.7507
0.48,0.43393,NR,4.6562
0.48,0.44405,NR,4.5621
0.48,0.45417,NR,4.4683
0.48,0.46429,NR,4.3748
0.48,0.4744,NR,4.2816
0.48,0.48452,NR,4.1888
0.48,0.49464,NR,4.0962
0.48,0.50476,NR,4.004
0.48,0.51488,NR,3.9122
0.48,0.525,NR,3.8207
0.48,0.53512,NR,3.7295
0.48,0.54524,NR,3.6387
0.48,0.55536,NR,3.5482
0.48,0.56548,NR,3.458
0.48,0.5756,NR,3.3683
0.48,0.58571,NR,3.2789
0.48,0.59583,NR,3.1898
0.48,0.60595,NR,3.1011
0.48,0.61607,NR,3.0128
0.48,0.62619,NR,2.9248
0.48,0.63631,NR,2.8373
0.48,0.64643,NR,2.7501
0.48,0.65655,NR,2.6633
0.48,0.66667,NR,2.5769
0.48,0.67679,NR,2.4909
0.48,0.6869,NR,2.4052
0.48,0.69702,NR,2.32
0.48,0.70714,NR,2.2352
0.48,0.71726,NR,2.1508
0.48,0.72738,NR,2.0669
0.48,0.7375,R,1.9833
0.48,0.74762,R,1.9002
0.48,0.75774,R,1.8175
0.48,0.76786,R,1.7352
0.48,0.77798,R,1.6534
0.48,0.7881,R,1.572
0.48,0.79821,R,1.4911
0.48,0.80833,R,1.4107
0.48,0.81845,R,1.3307
0.48,0.82857,R,1.2512
0.48,0.83869,R,1.1722
0.48,0.84881,R,1.0937
0.48,0.85893,R,1.0158
0.48,0.86905,R,0.9383
0.48,0.87917,R,0.86138
0.48,0.88929,R,0.785
0.48,0.8994,R,0.7092
0.48,0.90952,R,0.63398
0.48,0.91964,R,0.55936
0.48,0.92976,R,0.48536
0.48,0.93988,R,0.41202
0.48,0.95,R,0.33935
0.49,0.1,NR,7.9097
0.49,0.11012,NR,7.8068
0.49,0.12024,NR,7.7041
0.49,0.13036,NR,7.6017
0.49,0.14048,NR,7.4995
0.49,0.1506,NR,7.3975
0.49,0.16071,NR,7.2958
0.49,0.17083,NR,7.1943
0.49,0.18095,NR,7.0931
0.49,0.19107,NR,6.9921
0.49,0.20119,NR,6.8914
0.49,0.21131,NR,6.7909
0.49,0.22143,NR,6.6907
0.49,0.23155,NR,6.5908
0.49,0.24167,NR,6.4911
0.49,0.25179,NR,6.3916
0.49,0.2619,NR,6.2925
0.49,0.27202,NR,6.1936
0.49,0.28214,NR,6.0949
0.49,0.29226,NR,5.9965
0.49,0.30238,NR,5.8985
0.49,0.3125,NR,5.8006
0.49,0.32262,NR,5.7031
0.49,0.33274,NR,5.6058
0.49,0.34286,NR,5.5089
0.49,0.35298,NR,5.4122
0.49,0.3631,NR,5.3158
0.49,0.37321,NR,5.2197
0.49,0.38333,NR,5.1239
0.49,0.39345,NR,5.0283
0.49,0.40357,NR,4.9331
0.49,0.41369,NR,4.8382
0.49,0.42381,NR,4.7436
0.49,0.43393,NR,4.6493
0.49,0.44405,NR,4.5553
0.49,0.45417,NR,4.4616
0.49,0.46429,NR,4.3683
0.49,0.4744,NR,4.2752
0.49,0.48452,NR,4.1825
0.49,0.49464,NR,4.0901
0.49,0.50476,NR,3.9981
0.49,0.51488,NR,3.9064
0.49,0.525,NR,3.815
0.49,0.53512,NR,3.724
0.49,0.54524,NR,3.6333
0.49,0.55536,NR,3.5429
0.49,0.56548,NR,3.4529
0.49,0.5756,NR,3.3633
0.49,0.58571,NR,3.274
0.49,0.59583,NR,3.1851
0.49,0.60595,NR,3.0965
0.49,0.61607,NR,3.0083
0.49,0.62619,NR,2.9205
0.49,0.63631,NR,2.8331
0.49,0.64643,NR,2.746
0.49,0.65655,NR,2.6594
0.49,0.66667,NR,2.5731
0.49,0.67679,NR,2.4872
0.49,0.6869,NR,2.4017
0.49,0.69702,NR,2.3166
0.49,0.70714,NR,2.2319
0.49,0.71726,NR,2.1477
0.49,0.72738,NR,2.0638
0.49,0.7375,R,1.9804
0.49,0.74762,R,1.8974
0.49,0.75774,R,1.8148
0.49,0.76786,R,1.7326
0.49,0.77798,R,1.651
0.49,0.7881,R,1.5697
0.49,0.79821,R,1.4889
0.49,0.80833,R,1.4086
0.49,0.81845,R,1.3288
0.49,0.82857,R,1.2494
0.49,0.83869,R,1.1705
0.49,0.84881,R,1.0921
0.49,0.85893,R,1.0143
0.49,0.86905,R,0.93693
0.49,0.87917,R,0.86013
0.49,0.88929,R,0.78387
0.49,0.8994,R,0.70818
0.49,0.90952,R,0.63307
0.49,0.91964,R,0.55857
0.49,0.92976,R,0.48469
0.49,0.93988,R,0.41145
0.49,0.95,R,0.33889
0.5,0.1,NR,7.8977
0.5,0.11012,NR,7.795
0.5,0.12024,NR,7.6925
0.5,0.13036,NR,7.5902
0.5,0.14048,NR,7.4882
0.5,0.1506,NR,7.3864
0.5,0.16071,NR,7.2849
0.5,0.17083,NR,7.1835
0.5,0.18095,NR,7.0825
0.5,0.19107,NR,6.9817
0.5,0.20119,NR,6.8811
0.5,0.21131,NR,6.7808
0.5,0.22143,NR,6.6807
0.5,0.23155,NR,6.5809
0.5,0.24167,NR,6.4814
0.5,0.25179,NR,6.3821
0.5,0.2619,NR,6.2831
0.5,0.27202,NR,6.1844
0.5,0.28214,NR,6.0859
0.5,0.29226,NR,5.9877
0.5,0.30238,NR,5.8897
0.5,0.3125,NR,5.7921
0.5,0.32262,NR,5.6947
0.5,0.33274,NR,5.5976
0.5,0.34286,NR,5.5007
0.5,0.35298,NR,5.4042
0.5,0.3631,NR,5.308
0.5,0.37321,NR,5.212
0.5,0.38333,NR,5.1163
0.5,0.39345,NR,5.021
0.5,0.40357,NR,4.9259
0.5,0.41369,NR,4.8311
0.5,0.42381,NR,4.7367
0.5,0.43393,NR,4.6425
0.5,0.44405,NR,4.5487
0.5,0.45417,NR,4.4551
0.5,0.46429,NR,4.3619
0.5,0.4744,NR,4.269
0.5,0.48452,NR,4.1764
0.5,0.49464,NR,4.0842
0.5,0.50476,NR,3.9923
0.5,0.51488,NR,3.9007
0.5,0.525,NR,3.8095
0.5,0.53512,NR,3.7186
0.5,0.54524,NR,3.628
0.5,0.55536,NR,3.5378
0.5,0.56548,NR,3.4479
0.5,0.5756,NR,3.3584
0.5,0.58571,NR,3.2693
0.5,0.59583,NR,3.1805
0.5,0.60595,NR,3.092
0.5,0.61607,NR,3.004
0.5,0.62619,NR,2.9163
0.5,0.63631,NR,2.829
0.5,0.64643,NR,2.7421
0.5,0.65655,NR,2.6555
0.5,0.66667,NR,2.5694
0.5,0.67679,NR,2.4836
0.5,0.6869,NR,2.3982
0.5,0.69702,NR,2.3133
0.5,0.70714,NR,2.2287
0.5,0.71726,NR,2.1446
0.5,0.72738,NR,2.0608
0.5,0.7375,R,1.9775
0.5,0.74762,R,1.8946
0.5,0.75774,R,1.8122
0.5,0.76786,R,1.7302
0.5,0.77798,R,1.6486
0.5,0.7881,R,1.5675
0.5,0.79821,R,1.4868
0.5,0.80833,R,1.4066
0.5,0.81845,R,1.3269
0.5,0.82857,R,1.2476
0.5,0.83869,R,1.1689
0.5,0.84881,R,1.0906
0.5,0.85893,R,1.0128
0.5,0.86905,R,0.93562
0.5,0.87917,R,0.85893
0.5,0.88929,R,0.78278
0.5,0.8994,R,0.7072
0.5,0.90952,R,0.63221
0.5,0.91964,R,0.55781
0.5,0.92976,R,0.48404
0.5,0.93988,R,0.41091
0.5,0.95,R,0.33846
